Motif_ID,DBID,TF_Name,Sequence,Motif
M01657_2.00,ENSDARG00000069988,arid6,QVSMMEQDVPQERSTELGDEMSEERFLKDLYLFMKDRGTPIERIPHLGFKQIDMFLMYKTVKELGGYQQVTTQQLWKKVYNILGGNPRSTSAATCTRRHYEKLLLPYECHQTGYRDDLVFRSPRPQKRFHPSSYHDFEQEYPRNDKRPDFRHLPVFPQTSPSMFTEQRPIFSMPSPFFPHGSTPMSNYIALRESTLPHLSLNPSHDLPRTPASYMSVPSMDAQICKRSIKTLRDLANEYRSTAGLEEPLNLSRTENRLETLSDTPSSFSPCSKKPKFLNKASSLYPQRSLSTEDGAEQEEPADETSTGEGSVRSGPSPPKPDVIDLTSSSNANPVPRRPSPPSVNLFNRRPHYSEAVTMKSRERDLHKDWVKEESSGAPAPKLVHRSNPLGLPIPESNSNMEIQIPLKLLHELIRRGMISNPGLTANGSAFQDPTKAEAQPEHKFHVRSRSESSESSSTAEEPANLSLKSAFRNPTDPISQDNAMKKLRLFGGNGVPTDSKPQMFSSYQVNHSLKVTLERDAPRPSQPKLVQVPVIKNQESMNHRLHSYSEESPLSLTMKLGRKPEVKATSNTEAKEIPSSPLLLPDHLKFLLANLPYRLERGQTF,TGATATTA
M01678_2.00,ENSDARG00000021378,phf21ab,MMELQTLQEALKVEIQVHQKLVAQMKQDPQNADLKKQLHELQAKITALSEKQKKVVEQLRKELLVKQEPDLKPQTFAATTDGKTVLLTAACPASQPISGPPHNQGAPQKTLTVTPVITAKTLPLVLKAATSTMPASMATQRSAVAMVTAINNPTRPGANSDSQSTPINLQMASKLPNQDTDAGTRIVSKNVIVVQATTTSAQPIKVPQFVPPPRLTPRPTFQPQVRPKPPTPINVPIAPAPPPPMVAAPLIQRPLMLTTKLTSSLPASAGPIHQVRIVNGQQCTTIDKTTTTVTGTTQLAGIVISPAQTLQISNLNSDLKTVKPQGGPEQVVIKTPPSSSPPLPPPPAKVKREESPQKLAFMVSLGLVTHDHLEEIQSRRQERKRRTTANPVYSGAVFEPERKKSAVTYLNTPLHQGTRKRGRPPKYSTTTTTTTSSSTAVPELGCNPLLSPTSSLPASPAPERPDTGGFPLSVHPHSVPQPSPSSGDGDIHEDFCTVCRRSGQLLMCDTCSRVYHLDCLDPPLKNIPKGMWICPKCQDQILKKEEAIPWPGTLAIVHSYIAYKEAKEEEKQKLMKWSAELKLEREQLEQRVKQLSNSITKCMETKNSILARQKDMQASLEKVKHLVRLIQSFNFTQPMETETLKDSKQDCAESGSIKDSKDTTQVCVQESPTEPSVQVPAAVAVPEVKAEPEVGEMAEPAAAVTPEAVSGESGVSVLEVPKTTVDEDMMDTAKTVEPVESPQVRDVKTNGGTDCVCTGLNPEEESTVDAVDSENIPPIDSSCAEDAGKMEVELQEDGSHGMNTNNGKTSEPSQQALPAPLSSVDNPK,AAAATAAA
M01679_2.00,ENSDARG00000075560,kmt2cb,MSSEEKSLDPSDKGPSPPPCSSGATPTGSPTPTDKRPRGRPRKDALSTATSIPSVPRQRKKNRGRGKALVEDEDSTDGMETAETGSTQETVAKGQQEETEDASAMAVSAEGEEEEQSSSPLPASSKTGAAQTSSASGEAKSSEQLCAFCYCGGRSLLGQGDLKPFRVTPGYDPPPRQSSTEEVHDHSDKTGAASQSGRQRGLESVGAEEAGSRFWDELRHVGLPDDVDVQTFFESGQCWAHQSCALWSNFVCQAEDQSLLYVDKAIHSGSTEHCAYCKRLGASIKCCEEGCDRSYHYPCVGAAGTFQDFRRRSVLCTEHIELAISKYEEEANCILCDSPGDLLDQFFCTSCGLHYHGMCLDISVTPLKRAGWQCPECKVCQTCKEPGEDTKMLVCDVCDKGYHTFCLKPAMDSIPTNGWRCKNCRMCVQCGTRSSEQWHHNSLLCQNCGDQQDTTLSCLCPSNVVPDIQKDLLSCHQCKRWFNPECERPSEGHTHPQPKEDHICSTCRTTGIESGHVCTEADGVQAEIQSDVGAEESTQLVPSNNDSEPAKVQDIEPHQPVREMQNEEKQTTNEKQMMEIGADVGGDLTKPESSETSHHSAEKEMTSDASPRETKGPEGEQTEQKLDFAPETSTVQQLETFFKTEEPPETSASLKENISKNENGSKPCLEEKKINPSPTKEPAPACTSHEEEPMEVLFTEEPSAEAHGVTVEPEVNTSENTPLIQSQRKIVQEQIIPPEIHTKEMDDITVDGDHRCLAKLTSLVEESTSLQQPPHRQPEGLLLVVQGTSQPQALTQAVSRESISNVPSSAFIPITPKIGMGKPAISKRKFSPGRPRVKQGAWNRRPSSPSWSLDPTEGWDGLKSRQPHSTAAWIFRVGRGSGFPGRRRPRGSGVTGRGGRGRARMKNGVPPIPTPGVHIMEPMLTFKEEEETAMHSTVVIFSSADTFTMKQDMCVVCGSFGQGVEGRLIACAQCGQCYHPYCVNIKITKVVLSKGWRCLECTVCEACGQASDPGRLLLCDDCDISYHTYCLDPPLQNVPNGSWKCKWCVSCTQCGATSAGLRCEWQNNYTQCAPCASLASCPLCQQEYKEEEIILQCRQCDRWMHASCQGIHSEEEVEKVADTSFDCNLCQGHIPLSPAPGTPSKSSLDFADSVFMPQRVTKTRDHDLMRTYTQDGVCLTESGLSQLQSLANAASRRRRSKPKLKLKIINQNSVAVLQTPPDPQTELSRDGDLEDTKTEGEMVDGEVKSDSSPEREPTAEDDSKDTDACKKRKRKPYRPGIGGFMVRQRNRTGPGRTKPAFVRKDSTGSETLQGKDEGWGDQAPDTPVDEKHPLPDFPDNPEVKIRKRYRKKKTKLEEAFPTYLQEAFFGKDLLDKSKQNRQQTTRLLEDERDRKQLLANQMKPFSDLSLNVSAALLSSKAAAQNSVEPLVDLSEELKSDTELLGMFSDNNDKQSEESGVDFCPFQVEYSPSPFGLDIAPLAEDESVSSQAHLGRTHPRLVPEEPLDGILSPELDKMVTDESILSRLYKIPELGGKDVEDLFTAVLSPSTSQPAHMIQQIHGAQTLHGPSGPVFHPSQANSGLSSRMPVMNGLMESKQQFSQARIGPGAGPEMAQNIPPMQRIPFSDNLRDRKFNLMSQETAGPWSATGSASSSAPAAVSEMEGDSMSTAQKSTLKWEKEETLGELATVAPVLYTNVNFPNLKEEYPDWSTRVKQIAKLWRKASSQDRAPYVQKARDNRAALRINKVQISNEPIKRQPPQPQQPLEVFDPAIPPLDPELLFKDPLKHKESEHEQEWKFRQQMRQKSKQQAKIEATQKLEQVKNEQRQQQQVPGSQSDHDSSGNLKSPGSVHSNSGDMSPNQPSSKNGVSKSQLLGTSCSPDDIFLRPHPPPQSSGSQPQSPQMFSPNSSGSRPSSPWDPYTKMVGTPRPPPSSQGTPRRNSESGKSPKGLPEPIGSPTAICNDPYAKPPDTPRPAGTTDPFLKPMCPPRPSQTLDGRHVIGSPNHDSFSRMSVRKEAYQRMPQGRMILSDPYARPLLTPIPGSNESGSIQVFKTPMPPPQAQEQYVGMHARRVSADAFERPMMSSRSNEGFSHNQQNDPYAQPPLTPRPVVSDGFANQRISRQPQSLPFSQPGPMTRQPSCNSYARAPSTPRPDYSQCDPYVQQPGTPRPSSDPFAQSPFSNPYARMPGTPRPHDPEPYSQQSASRHPAMMNQPSQQSQQQTHNRIMSPISMDPYTQHPNTPRSGIVDPFPKSPSNQRTPDPFCQPPGLPRCVGPDLHIQSIGRSQSLRNDSCSHIPRTPHHGVVGQVLVSGPLSSQDPFSPPQVLMQESFSSPTKHGPQTLKHLSMTDDSGSQPLSNRPNQTPIHDPFEQTAMLGQCGENKDQQSLVQIISSHTMGQPGSGTQTIPLAEAEERLRQRQRIRELILKQQQQKSAIRQDKVVQDHTLTMSPATPQHWNLESTGQQSEIFNHPPPPYPGPGAVRAPQRFYATRDRQGQFPEGQLPRPQFPGDADSNTRQLGARMPLTPGIQGPLGAIRPHQMQDSIEAHPQMRRSMSMDLGKSIEGSPLGTPHMPPRGMHVQQHNIMGQPFIELRHRTPDSRLRLSFGPPGMQGNRMESPLQQHAPGFLSGQELVFPFNQITKAVDTPLNQPQVAFTQMQTSLSLGNLQQPNISLRAGHTQIPLTRSISQPASNETLSSPLHTDIAAVSAVQNDEVPLPTNEVPEEKIDTVESAVKELEDVEVKDLVDADLENLNLDPDDGKDLDLETNDLHLDDFLKSGKFDIIAYTDADLDLSEDLDLSDTMEDNTEISEKKAEKKTESFNATSSASCSTSAVTEAVDKTALSQDDTNQEIPQDQVLVSLKKEDDNKNGFKDCLSQDSSCSNQISDSAANNQASFKRDVESSLQVHPDTTPVLSSMLVSVPPEGKELKQEQCGKSTEQNNLSNQETAMSLSNTMLGQENFSVQGIDTGLNIDQSLVSSHDESALEVSSSIQEQQQSHIFGIDQKDAVLSGEQNSILTQQAVLSQQGHQNRPLLLEEQPLLLQDLLDQERQEQQQQKQMQAMIRQRSSDSFFPNIDFDAITDPIMKAKMVALKGINKMMVQNNMGMSPMVINNAQTGQALPDTDGNITPMQLPGQDSKLAPHIARPNPPNFGTGFAHDTQKAQYEDWLRETQQLLQMQQKFLEEQIGAHRKSKKALSAKQRTAKKAGREFPEEDAEQLKHVTEQQGVVQKQLEQIRKQQKEHAELIEEYRVKQQQQGALQPPIMPGMQPPAGMMQVGPPINQSMVGPMMPIRLHSNQPDVTKMPNTAGWHPGAPVPTGPRMPGVMPAQVVQPQPLQPAAARPTQVQAGGESPHVNFDDTNPFSEGFQERERKERLREQQERQRMQIIKEVERQHVKHCVEQQQVSNCQDGTMRGLSQMPFYNQELPQDFMQPPRLQQQIQGPTFPQQQGTQQGYIGGPPRPLLGNGPFPQEMGSGFAPQNLAVHGPNLIQAQTRPQRYSVPHMMAQNPPQGHPFPMEGPTPLPPNFPGPGPSLIQLYSNIIPEEKGKKKRNQKKKKDEDCESLRAPSTPHTPHSDMTAPLTPCVSDTSSTPTRNPMVFGDHEFCETSQPGSSTPGSMSSQPHSELERQLSEGSCGGGPESAMGHEEMHDRILSNIKLEKVEANDCHGHKPIDMEIRIGMVKVEREIMLHHPSSQSPANSSKEEGGNELLKHLLKNKRTPPHALPHQRSEDSLRSEEEGSTESKAFFRQNSMDSTGTFSDSNHQDFPGPLILEDKKKQRNKRTPKSGDRPAPRCKKRKKEEDESQAVYSSTDPMITPLKQQHLSLLPLMEPLVGVNFAHLMPYGGGQLDGENRLSGTFGSASLDGVSDYYSQLIYKQNNLSNPPTPPASLPPTPPPVARQKLLNGFATTEELARKGGLIAGHDVTKGLLARPLEFKAEEELLAQALAQGPKTVNVPASLPTPPHNNQEELRGQEHCEDRNTPDSFVPSSSPESVVGMEISRYPDLSLVKEEPPSPAMSPVIPMFPVFRDKDVKLQEVKTEPSSVFFDSSFRSVQNGSNTGLVSIAIMLKPAAAENITDVVAAIADLIRVKIPSSYEVSSGPGGSFGAIKTSVDPQCLASALPNGPRALRQAPQHLLLQHNHNKNIGGEQYRDGQVRPGSKQQWCQHCKVVVLGKGVRKITKDEEVKPQESRLCSDGGLVFCSHSCLILHSSSSQSNGNADNKASVPLLSESALKQSFSKVQHQYSNNMSSLDVHCLAQLQPKPSSPAPYLHMAFAPAKAIKTESKPRSISEGHLKVTVKLKPRLHSHLEDKQWHHGKRWKGLRWRKWTIDIAMPKVAPQSSESELEERLKQLTTSLRPCLTIRDQRRCCFCQQIGDGMTDGPARLLNLDLDTWVHLNCALWSSEVYETQAGALINVGLARQRGQTVVCAFCQRLGATSGCHRLRCLNIYHFTCALQAGCTFFKDKTMLCHQHRPRGAGAAAGLHVEHQLRCFSVFRRVYVQRDELRQLAAAVQQPERGHTFRVGSLLFHAMGQLPPALMPTFHSSTAIFPPGYEATRLYWSMRHGQKRCRYVCSVEEHEGRAEFSIRVIEQGYEDLVLTDTSAKGVWEKVLGPVAERRAETGMLRLFPIYLKGEDLFGLTISAVTRIAESLPGVEACSRYRFRYGRNPLLVLPLSMNSSGSARSELQTYPQHERVKILSSWPRISRCIQNSTVAASASSHSKHFVHSKSSQYRRLASDWKSNVYLAHSRIQGLGLFAARAIEKQTMVIEYMGDILRTEVAMRRELLYKAKNRPAYMFCIDSERVIDATNSGSPARYINHSCSPNCVAEVVTFERGYKIIISAACRIERGEELCYDYKLTPVNDQSKIPCHCGAAKCRKWIN,AAAAATAT
M01909_2.00,ENSDARG00000036593,kdm2ba,MLLFLDLLSFCFSNRCVKTRAWNLYDKSLNKQQLPNKPKPKMATSTATTPSATTSSSTATAVKLPSNRTSSGARRRRTRCRKCEACVRTECGECHFCKDMKKFGGPGRMKQSCIMRQCIAPVLPHTAVCVVCGEAGKEDTLDDEDEKFNAMLMECSICNEIVHPNCLKVKDAAGVVNDELPNCWECPKCNYAGKTGKACKQKRGPGFKYASNLPGSLLREQKAGRDGREEGDQTSTGPASIKRKTEREETPRLKTEDLPSRLPPLLSPSGLPRPRSEVPNFLRKKRKLFDDDEEEEEASAKKKQKKPWRPEEPLIPKLSHMKAEEEEDNSDEEEERQEKREQPRRSIKKDYSIVRKEEEREEERREDRDPPFRSLKEFHNMSKEEDNDEEKEDDDEEEEEESNGKRGRDSSPALKNLSLSLESDASRCSSPRAGPSSEGSETQEKAPRARARRHRRKPPNRQLSAELSKQLNMEIRRTEHSLANENQQPLMSEPEDSENEEPKRGLRNGTAGNAGGGGGGVERGAGGEAGGERPHLRAREMNGTSWELRHFYPPQITPLGLNRSSPTVRPLPARSPPKCVQMERHVIRPPPICPPPDRLPLADGRNHIAPREAWLAIFSHLSHRELCVCMRVCRTWNRWCCDKRLWTRIDLKRCKSITPLMLSGIIRRQPITLDLSWTNISKKQLSWLINRLPGLRVLLLSGCSWVAVSALCTSSCPLLRTLDLQWVEGLKDPQMRDLLSPPTDNRPGQMDTRSKLRNVTDLRLAGLDITDSSLRLIIKNMPLLSRLDLSYCNHINDQSVNLLTAAGTTTRDSLTDVNLSVCNRVTDQSLSYFKRCGSICRIDMRFSKQVSRQACERFIAEMSVIVPFQLQEDKLLQKLHSTP,ATTACGC
M01909_2.00,ENSDARG00000046010,kdm2bb,MEACAESGRKLRSICRRMYDENEDLSDVEEITNVRGFSLEDKLDSASYNSQLVQFMEGKDFTYEYVQREALRTPLVFKAKDGLGIRMPDPEFTVSEIKGLVGSRRPVDVMDVSTQKGSEMSMAQFVRYYETPEDERDKLFNVISLEFSHTKLENLIKRPTVVDLVDWVDNMWPRHLKQKQTEATNVMSEMKYPKVQRYCLMSVKGCFTDFHIDFGGTSVWYHVFKGQKVFWLIPPNAHNLSLYEDWVLSGKQSDIFLGDRADGCQRVELKQGYTFFIPSGWIHAVYTPEDTLVFGGNILHSFNIPMQLTVYEIENRTKVHSKFRYPFFYEMCWYVLERYVSCLTKRSHLSLEFRNHTAEPKPVTESLMSATRLDMEEDSCGTEGTILSSFSIPPCQTFKPSANDSEDSSKSLPSECPKTPSGSPGMDHSGKWSHLTEFELNGLKALVEKLESLPENKKCVPEGIEDPQALLDDVKVVLKEHADDNPKLAISGSPIVCWPKKTFKPRPLNRPKPKMGSSPCAAPGSTAGGMKLSSGRGSSSARRRRTRCRKCEACTRKECGECHFCKDMKKFGGPGRMKQSCIMRQCIAPVLPHTAVCVVCGEAGKEDTVEGEDDKFSMMLMECSICSEIIHPACLKDKDAGGVVNDELPNCWECPKCNHAGKTGKQKRGPGFKYASNLPGSLLKEQRTLIKEEPDMSTETTAVSPITKRKTEHEDNPTCKSEDALKKRSPKLEDNPLRKKRKLFEKDSDSNSIIRKKKKRTNPDDLSTSLILGHIKKEREDDEEYEEQNQPERSFVPSEEEDGDDERDEEEEEKALSSRKENGKVSHKTLESDQSQGGLTQAGPSSTDAQSKSQRKPKRKPRLPNKELSKELSKQLNQEIQKTEDRLAHQNGRTVKTEPSSDGEDRKPLNNGSSHLRDWLGPKWELNGSLREQTPVSLIRTTTPAPVFRPTPCRSPPKCVQMERHVIRPPPISPPPDRLPLDDGKNHVLRREVWMGVFSHLIHKDLCVCMSVCKTWNRWCCDKRLWTKIDLNRCKSITPLMLSGIIRRQPVSLDLSWTNISKKQLSWLINRLPGLRVLLLAGCSWAAVSALCTSSCPLLRNLDVQWVEGLKDNQIRDLLSPPTDNRPGQLDCRSKLRNVEDLCLAGLDITDTSLKLIIKHMPLLSQLDLSYCNHITDQSVNILTAAGTTTRDSLTHINLSVCNRVTDLSLTYFKRCGNICQIDLRYCKQVTKEGCEQFIAEMSVSVQFRLMEEKLLSKLS,ATTACGC
M01910_2.00,ENSDARG00000059653,kdm2aa,MDVMSAGDATSRSKRSGTRRRYQDDGISDDEIDGRRTFDLEEKLHSSFFSSDRVKRMEGKDFSYEYVQRHGLRDPIIFEKPEGLGIKMPDPDFTVNDVKLFVGSRRIVDVMDVATQKGTEMSMAQWRRYYETPPSQREKLYNVISLEFSHTKLETLVKRPSTVDMIDWVDNMWPRHLKERQRDSTNSIMEMQYPKVQKYCLMSVQGCYTDFHIDFGGTSVWYHIHKGCKVFWLIPPTPQNLELYENWVLSGKQGDIFLGDRATDCQRIELKQGYTFIIPSGWIHAVYTPVDTLVFGGNFLHSFNVPMQLDISGIEDRTRVPVKFRYPFFFEMCWYVLERYLYSLTNKSHLIPEFQKHSLGIGLKRENSEVLNGHAKEERDEMDAPSPPSAPGLKTHLTAFELEGLWRLVGKLESLPSNKKCVPSGIHNAAALLLDIRALLKEHANDIPKLSYTGRPIVRWPKRPPWYQPPPPPPPVMRPKLATTPIVPRPVKPASNMSVLRRRRVRCKRCEACLRTECGDCNFCRDMKKFGGPGKLKQTCVLRQCLAPGLPLSAVCELCGEGNQETSEELMECSNCAQIAHPSCLKTSGEGVVNKDLPSCWECPKCVLGKDTDSEIKLDGGKSHKRKSSSLDPRVAKIYRRHGMEHDDDSGSDDDGDGGRMSSVRSSVSSSRRGYGASRRGVWRGSSQRGPRGGGSLSSSSLKMRRGLGARGERGGRVRLRGGSQMRRRRYETDDDDDDDDDDDDDDDDDDDEDEDDEDDSEEDRHVSRSEKEHRSRRRRRRGDDYDDDEDEDDDDEEDSEEQDYEGEDDEMEDLDDGGDEDDEDGENQSDSDPDPPVLLVSDLNDDLLNDSYLTVTLHRPPKAKRDPGSIVPKLEAAMSPRTGGSSGFMQRKTLPKARPKTSSSTPAGNGLSQAKSGRPTRRSSNQDGRERDTASPSSMSSRSSVSPPPPPPAVTSSSPSLLSHPSFRDAGNELGCEKDIWVSVFRYLDRTDLAVCMRVCKAWFKWCCDKRLWTRIDLSRCRALSPQAVTAIIKLQPVTLDLSWTPVSKKQLAWLIHHLPSLKDLIMSGCSSLCVSALSSPSCPSLRTLDLCWAVGVKDSQIKDLIVQPGSESRSRLRSLVSLRLSGLELSDAVIKTMVRHMPSLRQLDLSYCQGLTDQSINLLTATGCNTRNTLRQLNLSGCNKLSDGCLSYMKRLSALALLDLRGCKNVTRHGCENFISDLSYCTVFCLTEDKLIQRVS,GCGGAAATT
M01910_2.00,ENSDARG00000078133,kdm2ab,MCIFIFQSMSEAKSRYSKRLRSGTRRRYQDDGISDDEIEGKRSFDLEEKLQSDRYNSNLVKIMDGKDFTLEYIQREGLRDPIIFKKADGLGIKMPDPDFSVSDVKLFVGSRRMIDVMDAATQKGIEMSMGQWRRYYETPASQREKLYNVISLEFSHTKLEHLVKRPTSVDMIDWVDNMWPRHLKERQRDSTNAITDMQYPKVQKYCLMSVEGCFTDFHIDFGGTSVWYHIHKGGKVFWLIPPTPQNLELYENWVLSAKQGDIFLGDKASMCQRIELKQGYTFMIPSGWIHAVYTPMDTLVFGGNFLHSFNIPMQLNIFNIEDRTRVPSKFRYPFYFEMCWYVLERYLYCLTNTSHLTPEFQKHSLGIGLKKEDVIKPAKPDGDSESEDEEVKEEPEEEAVTPPARPGVKVHLAPFELEGLWALLHKLEDLPAHKKCVPAGIRNAPALLSDIRKLLEEHANDNPKLSYTGKPIVKWPKRPSWYQPPPPPPPSHLYRPRTPGSGPMLAPVPRPVKPSSSISALRRRRVRCKRCEACLRTECGNCNYCRDMRKFGGPGRLKKSCVLRQCLAPALPLTAVCVICKEGNQESDDTESVQMLMECSECAQITHPECIKVPGEGVINKDLPSCWECPKCVQGKKTESSSSSEEETDSSVSNSSRLSGPPAKRAYREGIGVEGLRIARRGRSSISPSSLPITRSRRQPPPSQRLLLQHQQNRKRAGALELQLRKRIKLERNKILQSTRSPVSLSPKLLRQRSLERRGLIRAGPGQSLSRGRGSSSFRGRGLRVRGGGRGGGLRERMEMVVEREDSAEEEQQERKENGQYNGKENRPQRLSGKAGEDENGDAHRNGESEESSEGGEPTLSDTSVALTDDVRGQESCVTVKLQPSRAKRDPSTIVPKLEANLSSRSLPPNHKALLRPPLRNGARCSDAPHSPGDRLHVNKSHALSSSSHTLTRRASKNSNLRSNFEDSTHRLTRERIQKNARSERAKSSDSCPSSTFHSGGGNEPGWEKEVWVSVFRYLTRAELCVCMAVCKSWYKWGCDKRLWTRISLSRSRSMSPQVLTGIIKRQPVTLDLSWANITKKQLSWLINRLPGLKDLVLSGCNWSSVSALSSPSCPLLRSLDLSWADGIKDAQIRELLNPPGSDNRSQMKNMQCLWLCGLEVTEATLRLIIRHMPLLTRLELSRCPITDGALNLLSAVGSSTRNTLTHLNLAGCTQLTDRCLVYLRRLSCLSILDLRDCKGVSVQACQSFISELSVNTLYYLSDDKLIERIS,GCGGAAATT
M02079_2.00,ENSDARG00000005574,vsx2,MTGKDGAVLSESLNKSKSLCATENGGNNNPHLSKSSITHPPKCTGFGIQEILGLNKEPSSAPRSTLDSFPAGAHLLASRSMLGPAGVGVGVGMGLIGPGGIPSFYSQPAFLEVLSDAQNVHLQPLSRTVGPLEHNQSASSDSDDVSSSERKMSKSSLSQSKKRKKRRHRTIFTSYQLEELEKAFNEAHYPDVYAREMLAMKTELPEDRIQVWFQNRRAKWRKREKCWGRSSVMAEYGLYGAMVRHSIPLPESILKSAKDGIMDSCAPWLLGMHKKSLETAGHQSNEKSDVTQTPTNPKPDEAEAEERRTESPMSKEELRENSIAALRAKAQEHSAKVLGTVSSERLEHNMETTVTEEKSSEQIDAKEEEKSS,AATTAATTAGT
M02080_2.00,ENSDARG00000040955,dharma,MATQKFSNFSIDYILGDTSRQTAESPGVDHPASSQDFQGHLRKLDQLYQEGCRGHCDRAALMVNFPCPSWPGMYCCCVPVSYYQSTYYAGQPWPYAVAGCETAENHYHTIAQRPRGRIRTVFTDNQTEQLERLFAVTDYPTVETRAELAQNTGLSEETVRVWFKNRRARRKRQTTCPDKHANRALEDHQESD,CTGATCC
M02081_2.00,ENSDARG00000059256,hoxd13a,MDGGGLDEEFINVYPSAFGTHSSRCTSGAPVLSAVDRPTSVCNESISPYFSFPSNIGSGSFTFGCHLENSYKVPQNAVFPPGVAKQNGQFANKPVDHGEASSWLKEFAFYQGCARSYPRIPAFIDLPVVQRAMMGDLRHETCLTMEGHQHWDWSNNCSSQLYCFQDQTRSPHIWKPSLTEEAAAASFCQRGRKKRVPYTKFQLKELEREYNTTKFITKENRRRIASSTNLSERQVTIWFQNRRVKDKKRPDVCIKC,TTTTATTA
M02082_2.00,ENSDARG00000104199,si:dkey-43p13.5,MFGAGHLVSPLSPAVFHSPAAHFFPAFPSRLSSPQIFIPGPLLSYELLRSYLQPEPCKQSLLLAAHPSSGHPADNIDEPRPVKQRRARANYSSWQLEELEKTFQSTHYPDIFMREALALRLDLIEARVQVWFQNRRAKMRRQLKLQIQTGEQCSQRDTDTRHPESSISNPELHNNSPSPCWDRNQDRTNPAHPKPSPSAIQSPVTDLLQDQQDPEAPGPEDLRSCSIAKLRAKARDYEAEIHSTVARERKMKRVSDRD,ATTGTACAAT
M02248_2.00,ENSDARG00000053097,hsf2,MKHSSNVPAFLTKLWTLVEDSDTNEFICWSQEGNSFLVLDEQRFAKEILPKFFKHNNMASFVRQLNMYGFRKVMHIDSGIVKQERDGPVEFQHPYFKHGQDDLLENIKRKVSNARPEESKIRQDDLSKILTSVQSVHEQQENMDARLATLKRENEALWTELSDLRKVHVQQQQVIKELVQFIFTLVQNNRLLNLKRKRPLALNINGKKSKFIHQLFEEPIDHSKTTVNGLKNNSDISDDVIICDITDEDPEVTDGISVPDEEDAEIVEITYESSPKTVRQDSANGTIVNSTAHQEAEPKTTPDVSTTNSALQLNKPSCLSLEDPMKLMDSILSENGAISQNINLLGKVELMDYLDSIDCSLEDFQAMLYGKQFNIDPDIIEETISETKNNNSKANKENLDSENTDKQLIQYTTCPLMAFLDGCTPLTPSDPQPEDPPDLLDESLEMETPRSSLIRLEPLTEAEANEATLFYLCELNSDLPNADTPPLDI,GAATGTTCTATAT
M02384_2.00,ENSDARG00000078676,myrf,METVIDETEALQRFFEGHDINSSLEPANIDTSILEEYISKEDDSADICFTEVHSGPAPQFSSAQAGASSSGGVGCGVSPPIPLRQSTVPSLSQSCQNPYPGAPPLGHIRHNYPCLGQQQTQNIKPDHRGQYAPGTLPESPPDSSSEPYSPQQANDPHMLRTMTPENMCHMTSPPPLQTHPHYPSMHRDMYLKPEPMISQYPIGPASGGGGDMQQTQMLHQLLQHPQTPDGMPVHPAKKRKHSDSPNNTLNSQMLTGMIKQEPGLMQDAENSYLDPNYQCIKWQAHQQNKWTTLYDSSGKELPMPTYRVDADKGFNFSLADDAFVCQKKNHFQVTVYIGMPGDPKYVKTSDGLQPIDCFYLKLNGVKLEAMNQSINVEQSQSDRSKRPFKPVLVTLPPEQVTKVTVGRLHFSETTANNMRKKGKPNPDQRYFMLVVSLQAQCHSQSFSVAAHVSERIIVRASNPGQFESDSEVLWQRGQLPDSVYHHGRVGINTDRPDEALVVHGNVKVMGSLVHPSDIRAKENVKEVDTTDNLRRISQMRLVHYQYKPEFAATVGIDATAETGTVRAYTSDSINVHISVCAYISPPNQKKNMF,TGGTACCA
M02393_2.00,ENSDARG00000040926,nr2f2,MAMVVWRGSQDDVAETHGTLSSQTQGGLSLPTPQPGQLGLTASQVAPPTPQTPVQGPPNNNNNTQSTPTNQTTQSQSEKQQPQHIECVVCGDKSSGKHYGQFTCEGCKSFFKRSVRRNLTYTCRANRNCPIDQHHRNQCQYCRLKKCLKVGMRREAVQRGRMPPTQPHHGQFALTNGDPLHCHSYLSGYISLLLRAEPYPTSRYGSQCMQPNNIMGIENICELAARMLFSAVEWARNIPFFPDLQITDQVALLRLTWSELFVLNAAQCSMPLHVAPLLAAAGLHASPMSADRVVAFMDHIRIFQEQVEKLKALHVDSAEYSCLKAIVLFTSDACGLSDVAHVESLQEKSQCALEEYVRSQYPNQPTRFGKLLLRLPSLRTVSSSVIEQLFFVRLVGKTPIETLIRDMLLSGSSFNWPYMSIQ,AGAGGTCAC
M02425_2.00,ENSDARG00000032578,pax2b,MDIHCKADPFSAMHRHGGVNQLGGVFVNGRPLPDVVRQRIVELAHQGVRPCDISRQLRVSHGCVSKILGRYYETGSIKPGVIGGSKPKVATPKVVDKIADYKRQNPTMFAWEIRDRLLAEGICDNDTVPSVSSINRIIRTKVQQPFHPSPDGTSLSTPGHTIIPSTASPPVSSSSNDPVGSYSINGILGIPRSNGEKRKRDADGSEGSAQSSDSQGSVESLRKHLRADAFTQQQLEALDRVFERPVFPDVFPTSEHIKPEQASEYSLPALNTGLDEVKPSLSSSAASDLGASVSQSYPVGRDMANTTLPGYPPHVPPTGQGSYATSTLAGMVPGSEFSGNPYSHPQYTTYNEAWRFSNPAILSSPYYYSASRGSAPPTAATAYDRH,CAGTCAAGCG
M02526_2.00,ENSDARG00000063194,lin54,MDVVSPELNSLLPDEIMDTEAMDEDPPASHLTPPPQSAPESAQVPMETEVPEIISICPTTASMQAISTNAKSTTSSTTQLLLTPSSSSSTTTKNATPTLPKIPSLSVPPNHQLIINKVAADGKSPGGAVIKQEGQKLLVAGLSKTGQPIMLALPHAWNKPATSQGSGDAKSQPTQIKMVTAMGKPVIAVSSASQLVASSTPLQAQHLKTLQITKKPPVSTAGPMITKLIITKALNNKVLSSPGSVSPVVTGRVVSQSTPLTPPRTIAIGETISTVPQNAATNSKVAISPLKSPSKLTVVSVTSQSSNSPQKSVTLPLNVALGQQILTVQQSAVTSPAKAGSSQSTTQTVKPVQTVTVPTSQFKTIIPLTTPPNVQQIQVPGSRFHYVRLVTATTGSSTVQTGGSTNTNPSIQPAKPVMMNAAVRMSVPIVPAQTVKQVVPKPLSSAAQVVTTSQTPQRLIMPATHLPQIQPNLTNLPPGTVLAPAHGSGNVGYAVLPAPYVTQIPQPAFVTLTSSSTFSTATPSQAQARLSLNGLSTSEANSRPRKPCNCTRSQCLKLYCDCFANGEFCNNCNCVNCFNNLDHESERLKAIKACLDRNPVAFKPKIGKGKEGESDRRHSKGCNCKKSGCLKNYCECYEAKIMCSSICKCMGCKNFEESPERKTLMHLADAAEVRVQQQTAAKTKLSSQISDLLTRTTPAITSGGGKLPYTFVTKEVAEATCDCLLEQAEQAELTNQPQAMAERLILEEFGRCLHRIISFAGKAKTDCPINC,ATTCAAAT
M02536_2.00,ENSDARG00000020964,prkrirb,MPNFCAAPNCTRKSTQSDLAFFRFPRDPERCRLWVENCRRADLEEKTPDQLNKHYRLCAKHFEPAMICKTSPYRTVLRDTAIPTIFDLTSHLGNPHSRHRKRIKVLTDEEVQKIKERRLESSIEQLSKKDSDAQDDSETTDDVPRLTPEQKDLREFLKSSFEVMILIGRQSFPFSSNAREDEMRSREEWLFNPGNFQALLENRINAGDEFLRRRFESAAVNEEYCPAVQQRQLLDVCEKCVREEILQQVRECRFFSIVTGELVDFPEGEHLPIFLRFVDQDNTLREEFIEFLSFEGEEVTVAERLESRLMKGWGLSMEHCRGQAYAGSGILGTKMKVITAQLKEKYPMAVITPTSTCALNVHLANGMSLTGVQVVMSVLKKSNAFFRASPLLQTELDNAISILCQGNLEKESILKEGSRSTWTDLHNLFEMAVDLLEPLLLCMDSIHDNEDLKWSDQVTSDAYAISEALADFEFIVTLVILKNALSFTRAFGKNLQGETIDVFFAANSLTAVLHSLHEVSDNLEVYHEFWFEEAVNMATAMEVPVRVPRLFLRKQQTPDTIEIQAESFFKEYLTQPVMEYITQEVKDIFSENHLKALKCLSLVPAVMGQMRFNTSEESHADIYRTDLPHPDTLPAELHCWRIKWKHRGKEVSLPSTIYETLQHSDVKFFPNVNAFLKILATLPVLKLDGSHGETAQRRLQAYLTDTAVSQRCKNLAVLNINYHIKTDLEEMVQCYLKRYPEESKTD,ATCCCGCCGGTA
M02537_2.00,ENSDARG00000042489,prkrira,MPNFCAALNCSRNSTHSVLAFFRFPRDPERCKKWVENCSRSDLKDKTPDHLNKYHRLCARHFEPNLITKTSPFRTVLKDSAVPTIFDNPFKRSNNEADKDAPEAKKNKSDSQSEEPKDNSEAATKDVNENKNGDGVDSSPPVIDEETLNKEYLKSLFDVVVMMGTQNIPLHGHSDKEPRSKSFTPSNFQALLEYRINAGDEFLRKKFEGSPVNLEHCSSTQLQQILEVIEKCIREELLAEAKEGRCFSLVVDNLVEIEGENYVPLFVRFVDKANCLREEFVDFLLFEGDVEAITERLVTELTEKCGLDMKYCRGQAYLCSGVSAMKVKAMVAKIAELHPLAVLTPCSSCSLNICLANTMTFTGVHLVMSTLKKLDAFFSKSPLLQNQLESAISIYYQGNEEKANVLKEACGSKWTEQHDTFELAVDLLESLLLCMDSVHDNEDHKWSDEVAHNAFVISEALADFEYVMTLVVLKNTLSFTRAFGKNLQGETNEVFFASGSLTAVLHSLNEVYENIEVYHEFWFEEAVNLAASLEIPVKVPRLYFRKRPTSGEEIQPETYYKDQVTIPVVSHVIKELSDLFSENHLKALKSLSLVPAIMGQLKFNTTEETSVDIYKDDLLNPDTFPAELHCWKIKWKHGTKDVILPSTIYETLQLSDVKFFPNVCALLKVLYNLPLFALTNDKCSTAKQRLMAYLQDTPVNHRNKSMALFYINCAIKHDLDSMVETYLKMYQESEPTEKQDSSQEAVQS,ATCCGGAG
