Motif_ID,DBID,TF_Name,Sequence
M01657_2.00,ENSDARG00000069988,arid6,QVSMMEQDVPQERSTELGDEMSEERFLKDLYLFMKDRGTPIERIPHLGFKQIDMFLMYKTVKELGGYQQVTTQQLWKKVYNILGGNPRSTSAATCTRRHYEKLLLPYECHQTGYRDDLVFRSPRPQKRFHPSSYHDFEQEYPRNDKRPDFRHLPVFPQTSPSMFTEQRPIFSMPSPFFPHGSTPMSNYIALRESTLPHLSLNPSHDLPRTPASYMSVPSMDAQICKRSIKTLRDLANEYRSTAGLEEPLNLSRTENRLETLSDTPSSFSPCSKKPKFLNKASSLYPQRSLSTEDGAEQEEPADETSTGEGSVRSGPSPPKPDVIDLTSSSNANPVPRRPSPPSVNLFNRRPHYSEAVTMKSRERDLHKDWVKEESSGAPAPKLVHRSNPLGLPIPESNSNMEIQIPLKLLHELIRRGMISNPGLTANGSAFQDPTKAEAQPEHKFHVRSRSESSESSSTAEEPANLSLKSAFRNPTDPISQDNAMKKLRLFGGNGVPTDSKPQMFSSYQVNHSLKVTLERDAPRPSQPKLVQVPVIKNQESMNHRLHSYSEESPLSLTMKLGRKPEVKATSNTEAKEIPSSPLLLPDHLKFLLANLPYRLERGQTF>ENSDARP00000130251.1MMEQDVPQERSTELGDEMSEERFLKDLYLFMKDRGTPIERIPHLGFKQIDMFLMYKTVKELGGYQQVTTQQLWKKVYNILGGNPRSTSAATCTRRHYEKLLLPYECHQTGYRDDLVFRSPRPQKRFHPSSYHDFEQEYPRNDKRPDFRHLPVFPQTSPSMFTEQRPIFSMPSPFFPHGSTPMSNYIALRESTLPHLSLNPSHDLPRTPASYMSVPSMDAQICKRSIKTLRDLANEYRSTAGLEEPLNLSRTENRLETLSDTPSSFSPCSKKPKFLNKASSLYPQRSLSTEDGAEQEEPADETSTGEGSVRSGPSPPKPDVIDLTSSSNANPVPRRPSPPSVNLFNRRPHYSEAVTMKSRERDLHKDWVKEESSGAPAPKLVHRSNPLGLPIPESNSNMEIQIPLKLLHELIRRGMISNPGLTANGSAFQDPTKAEAQPEHKFHVRSRSESSESSSTAEEPANLSLKSAFRNPTDPISQDNAMKKLRLFGGNGVPTDSKPQMFSSYQVNHSLKVTLERDAPRPSQPKLVQVPVIKNQESMNHRLHSYSEESPLSLTMKLGRKPEVKATSNTEAKEIPSSPLLLPDHLKFLLANLPYRLERGQTF
M01678_2.00,ENSDARG00000021378,phf21ab,XPKYSTTTTTTTSSSTAVPELGCNPLLSPTSSLPASPAPERPDTGGFPLSVHPHSVPQPSPSSGDILKKEEAIPWPGTLAIVHSYIA>ENSDARP00000122872.1MELQTLQEALKVEIQVHQKLVAQMKQDPQNADLKKQLHELQAKITALSEKQKKVVEQLRKELLVKQEPDLKPQTFAATTDGKTVLLTAACPASQPISGPPHNQGAPQKTLTVTPVITAKTLPLVLKAATSTMPASMATQRSAVAMVTAINNPTRPGANSDSQSTPINL>ENSDARP00000019987.9MELQTLQEALKVEIQVHQKLVAQMKQDPQNADLKKQLHELQAKITALSEKQKKVVEQLRKELLVKQEPDLKPQTFAATTDGKTVLLTAACPASQPISGPPHNQGAPQKTLTVTPVITAKTLPLVLKAATSTMPASMATQRSAVAMVTAINNPTRPGANSDSQSTPINLQMASKLPNQDTDAGTRIVSKNVIVVRPKPPTPINVPIAPAPPPPMVAAPLIQRPLMLTTKLTSSLPASAGPIHQVRIVNGQQCTTIDKTTTTVTGTTQLAGIVISPAQTLQISNLNSDLKTVKPQGGPEQVVIKTPPSSSPPLPPPPAKVKREESPQKLAFMVSLGLVTHDHLEEIQSRRQERKRRTTANPVYSGAVFEPERKKSAVTYLNTPLHQGTRKRGRPPKYSTTTTTTTSSSTAVPELGCNPLLSPTSSLPASPAPERPDTGGFPLSVHPHSVPQPSPSSGDGDIHEDFCTVCRRSGQLLMCDTCSRVYHLDCLDPPLKNIPKGMWICPKCQDQILKKEEAIPWPGTLAIVHSYIAYKEAKEEEKQKLMKWSAELKLEREQLEQRVKQLSNSITKCMETKNSILARQKDMQASLEKVKHLVRLIQSFNFTQPMETETLKDSKQDCAESGSIKDSKDTTQVCVQESPTEPSVQVPAAVAVPEVKAEPEVGEMAEPAAAVTPEAVSGESGVSVLEVPKTTVDEDMMDTAKTVEPVESPQVRDVKTNGGTDCVCTGLNPEEESTVDAVDSENIPPIDSSCAEDAGKMEVELQEDGSHGMNTNNGKTSEPSQQALPAPLSSVDNPK>ENSDARP00000111141.3MMELQTLQEALKVEIQVHQKLVAQMKQDPQNADLKKQLHELQAKITALSEKQKKVVEQLRKELLVKQEPDLKPQTFAATTDGKTVLLTAACPASQPISGPPHNQGAPQKTLTVTPVITAKTLPLVLKAATSTMPASMATQRSAVAMVTAINNPTRPGANSDSQSTPINLQMASKLPNQDTDAGTRIVSKNVIVVRPKPPTPINVPIAPAPPPPMVAAPLIQRPLMLTTKLTSSLPASAGPIHQVRIVNGQQCTTIDKTTTTVTGTTQLAGIVISPAQTLQISNLNSDLKTVKPQGGPEQVVIKTPPSSSPPLPPPPAKVKREESPQKLAFMVSLGLVTHDHLEEIQSRRQERKRRTTANPVYSGAVFEPERKKSAVTYLNTPLHQGTRKRGRPPKYSTTTTTTTSSSTAVPELGCNPLLSPTSSLPASPAPERPDTGGFPLSVHPHSVPQPSPSSGDILKKEEAIPWPGTLAIVHSYIAYKEAKEEEKQKLMKWSAELKLEREQLEQRVKQLSNSITKCMETKNSILARQKDMQASLEKVKHLVRLIQSFNFTQPMETETLKDSKQDCAESGSIKDSKDTTQVCVQESPTEPSVQVPAAVAVPEVKAEPEVGEMAEPAAAVTPEAVSGESGVSVLEVPKTTVDEDMMDTAKTVEPVESPQVRDVKTNGGTDCVCTGLNPEEESTVDAVDSENIPPIDSSCAEDAGKMEVELQEDGSHGMNTNNGKTSEPSQQALPAPLSSVDNPK>ENSDARP00000153243.1MMELQTLQEALKVEIQVHQKLVAQMKQDPQNADLKKQLHELQAKITALSEKQKKVVEQLRKELLVKQEPDLKPQTFAATTDGKTVLLTAACPASQPISGPPHNQGAPQKTLTVTPVITAKTLPLVLKAATSTMPASMATQRSAVAMVTAINNPTRPGANSDSQSTPINLQMASKLPNQDTDAGTRIVSKNVIVVQATTTSAQPIKVPQFVPPPRLTPRPTFQPQVRPKPPTPINVPIAPAPPPPMVAAPLIQRPLMLTTKLTSSLPASAGPIHQVRIVNGQQCTTIDKTTTTVTGTTQLAGIVISPAQTLQISNLNSDLKTVKPQGGPEQVVIKTPPSSSPPLPPPPAKVKREESPQKLAFMVSLGLVTHDHLEEIQSRRQERKRRTTANPVYSGAVFEPERKKSAVTYLNTPLHQGTRKRGRPPKYSTTTTTTTSSSTAVPELGCNPLLSPTSSLPASPAPERPDTGGFPLSVHPHSVPQPSPSSGDGDIHEDFCTVCRRSGQLLMCDTCSRVYHLDCLDPPLKNIPKGMWICPKCQDQILKKEEAIPWPGTLAIVHSYIAYKEAKEEEKQKLMKWSAELKLEREQLEQRVKQLSNSITKCMETKNSILARQKDMQASLEKVKHLVRLIQSFNFTQPMETETLKDSKQDCAESGSIKDSKDTTQVCVQESPTEPSVQVPAAVAVPEVKAEPEVGEMAEPAAAVTPEAVSGESGVSVLEVPKTTVDEDMMDTAKTVEPVESPQVRDVKTNGGTDCVCTGLNPEEESTVDAVDSENIPPIDSSCAEDAGKMEVELQEDGSHGMNTNNGKTSEPSQQALPAPLSSVDNPK>ENSDARP00000150633.1MMELQTLQEALKVEIQVHQKLVAQMKQDPQNADLKKQLHELQAKITALSEKQKKVVEQLRKELLVKQEPDLKPQTFAATTDGKTVLLTAACPASQPISGPPHNQGAPQKTLTVTPVITAKTLPLVLKAATSTMPASMATQRSAVAMVTAINNPTRPGANSDSQSTPINLQMASKLPNQDTDAGTRIVSKNVIVVRPKPPTPINVPIAPAPPPPMVAAPLIQRPLMLTTKLTSSLPASAGPIHQVRIVNGQQCTTIDKTTTTVTGTTQLAGIVISPAQTLQISNLNSDLKTVKPQGGPEQVVIKTPPSSSPPLPPPPAKVKREESPQKLAFMVSLGLVTHDHLEEIQSRRQERKRRTTANPVYSGAVFEPERKKSAVTYLNTPLHQGTRKRGRPPKYSTTTTTTTSSSTAVPELGCNPLLSPTSSLPASPAPERPDTGGFPLSVHPHSVPQPSPSSGDGDIHEDFCTVCRRSGQLLMCDTCSRVYHLDCLDPPLKNIPKGMWICPKCQDQILKKEEAIPWPGTLAIVHSYIAYKEAKEEEKQKLMKWSAELKLEREQLEQRVKQLSNSITKCMETKNSILARQKDMQASLEKVKHLVRLIQSFNFTQPMETETLKDSKQDCAESGSIKDSKDTTQVCVQESPTEPSVQVPAAVAVPEVKAEPEVGEMAEPAAAVTPEAVSGESGVSVLEVPKTTVDEDMMDTAKTVEPVESPQVRDVKTNGGTDCVCTGLNPEEESTVDAVDSENIPPIDSSCAEDAGKMEVELQEDGSHGMNTNNGKTSEPSQQALPAPLSSVDNPK
M01679_2.00,ENSDARG00000075560,kmt2cb,MSSEEKSLDPSDKGPSPPPCSSGATPTGSPTPTDKRPRGRPRKDALSTATSIPSVPRQRKKNRGRGKALVEDEDSTDGMETAETGSTQETVAKGQQEETEDASAMAVSAEGEEEEQSSSPLPASSKTGAAQTSSASGEAKSSEQLCAFCYCGGRSLLGQGDLKPFRVTPGYDPPPRQSSTEEVHDHSDKTGAASQSGRQRGLESVGAEEAGSRFWDELRHVGLPDDVDVQTFFESGQCWAHQSCALWSNFVCQAEDQSLLYVDKAIHSGSTEHCAYCKRLGASIKCCEEGCDRSYHYPCVGAAGTFQDFRRRSVLCTEHIELAISKYEEEANCILCDSPGDLLDQFFCTSCGLHYHGMCLDISVTPLKRAGWQCPECKVCQTCKEPGEDTKMLVCDVCDKGYHTFCLKPAMDSIPTNGWRCKNCRMCVQCGTRSSEQWHHNSLLCQNCGDQQDTTLSCLCPSNVVPDIQKDLLSCHQCKRWFNPECERPSEGHTHPQPKEDHICSTCRTTGIESGHVCTEADGVQAEIQSDVGAEESTQLVPSNNDSEPAKVQDIEPHQPVREMQNEEKQTTNEKQMMEIGADVGGDLTKPESSETSHHSAEKEMTSDASPRETKGPEGEQTEQKLDFAPETSTVQQLETFFKTEEPPETSASLKENISKNENGSKPCLEEKKINPSPTKEPAPACTSHEEEPMEVLFTEEPSAEAHGVTVEPEVNTSENTPLIQSQRKIVQEQIIPPEIHTKEMDDITVDGDHRCLAKLTSLVEESTSLQQPPHRQPEGLLLVVQGTSQPQALTQAVSRESISNVPSSAFIPITPKIGMGKPAISKRKFSPGRPRVKQGAWNRRPSSPSWSLDPTEGWDGLKSRQPHSTAAWIFRVGRGSGFPGRRRPRGSGVTGRGGRGRARMKNGVPPIPTPGVHIMEPMLTFKEEEETAMHSTVVIFSSADTFTMKQDMCVVCGSFGQGVEGRLIACAQCGQCYHPYCVNIKITKVVLSKGWRCLECTVCEACGQASDPGRLLLCDDCDISYHTYCLDPPLQNVPNGSWKCKWCVSCTQCGATSAGLRCEWQNNYTQCAPCASLASCPLCQQEYKEEEIILQCRQCDRWMHASCQGIHSEEEVEKVADTSFDCNLCQGHIPLSPAPGTPSKSSLDFADSVFMPQRVTKTRDHDLMRTYTQDGVCLTESGLSQLQSLANAASRRRRSKPKLKLKIINQNSVAVLQTPPDPQTELSRDGDLEDTKTEGEMVDGEVKSDSSPEREPTAEDDSKDTDACKKRKRKPYRPGIGGFMVRQRNRTGPGRTKPAFVRKDSTGSETLQGKDEGWGDQAPDTPVDEKHPLPDFPDNPEVKIRKRYRKKKTKLEEAFPTYLQEAFFGKDLLDKSKQNRQQTTRLLEDERDRKQLLANQMKPFSDLSLNVSAALLSSKAAAQNSVEPLVDLSEELKSDTELLGMFSDNNDKQSEESGVDFCPFQVEYSPSPFGLDIAPLAEDESVSSQAHLGRTHPRLVPEEPLDGILSPELDKMVTDESILSRLYKIPELGGKDVEDLFTAVLSPSTSQPAHMIQQIHGAQTLHGPSGPVFHPSQANSGLSSRMPVMNGLMESKQQFSQARIGPGAGPEMAQNIPPMQRIPFSDNLRDRKFNLMSQETAGPWSATGSASSSAPAAVSEMEGDSMSTAQKSTLKWEKEETLGELATVAPVLYTNVNFPNLKEEYPDWSTRVKQIAKLWRKASSQDRAPYVQKARDNRAALRINKVQISNEPIKRQPPQPQQPLEVFDPAIPPLDPELLFKDPLKHKESEHEQEWKFRQQMRQKSKQQAKIEATQKLEQVKNEQRQQQQVPGSQSDHDSSGNLKSPGSVHSNSGDMSPNQPSSKNGVSKSQLLGTSCSPDDIFLRPHPPPQSSGSQPQSPQMFSPNSSGSRPSSPWDPYTKMVGTPRPPPSSQGTPRRNSESGKSPKGLPEPIGSPTAICNDPYAKPPDTPRPAGTTDPFLKPMCPPRPSQTLDGRHVIGSPNHDSFSRMSVRKEAYQRMPQGRMILSDPYARPLLTPIPGSNESGSIQVFKTPMPPPQAQEQYVGMHARRVSADAFERPMMSSRSNEGFSHNQQNDPYAQPPLTPRPVVSDGFANQRISRQPQSLPFSQPGPMTRQPSCNSYARAPSTPRPDYSQCDPYVQQPGTPRPSSDPFAQSPFSNPYARMPGTPRPHDPEPYSQQSASRHPAMMNQPSQQSQQQTHNRIMSPISMDPYTQHPNTPRSGIVDPFPKSPSNQRTPDPFCQPPGLPRCVGPDLHIQSIGRSQSLRNDSCSHIPRTPHHGVVGQVLVSGPLSSQDPFSPPQVLMQESFSSPTKHGPQTLKHLSMTDDSGSQPLSNRPNQTPIHDPFEQTAMLGQCGENKDQQSLVQIISSHTMGQPGSGTQTIPLAEAEERLRQRQRIRELILKQQQQKSAIRQDKVVQDHTLTMSPATPQHWNLESTGQQSEIFNHPPPPYPGPGAVRAPQRFYATRDRQGQFPEGQLPRPQFPGDADSNTRQLGARMPLTPGIQGPLGAIRPHQMQDSIEAHPQMRRSMSMDLGKSIEGSPLGTPHMPPRGMHVQQHNIMGQPFIELRHRTPDSRLRLSFGPPGMQGNRMESPLQQHAPGFLSGQELVFPFNQITKAVDTPLNQPQVAFTQMQTSLSLGNLQQPNISLRAGHTQIPLTRSISQPASNETLSSPLHTDIAAVSAVQNDEVPLPTNEVPEEKIDTVESAVKELEDVEVKDLVDADLENLNLDPDDGKDLDLETNDLHLDDFLKSGKFDIIAYTDADLDLSEDLDLSDTMEDNTEISEKKAEKKTESFNATSSASCSTSAVTEAVDKTALSQDDTNQEIPQDQVLVSLKKEDDNKNGFKDCLSQDSSCSNQISDSAANNQASFKRDVESSLQVHPDTTPVLSSMLVSVPPEGKELKQEQCGKSTEQNNLSNQETAMSLSNTMLGQENFSVQGIDTGLNIDQSLVSSHDESALEVSSSIQEQQQSHIFGIDQKDAVLSGEQNSILTQQAVLSQQGHQNRPLLLEEQPLLLQDLLDQERQEQQQQKQMQAMIRQRSSDSFFPNIDFDAITDPIMKAKMVALKGINKMMVQNNMGMSPMVINNAQTGQALPDTDGNITPMQLPGQDSKLAPHIARPNPPNFGTGFAHDTQKAQYEDWLRETQQLLQMQQKFLEEQIGAHRKSKKALSAKQRTAKKAGREFPEEDAEQLKHVTEQQGVVQKQLEQIRKQQKEHAELIEEYRVKQQQQGALQPPIMPGMQPPAGMMQVGPPINQSMVGPMMPIRLHSNQPDVTKMPNTAGWHPGAPVPTGPRMPGVMPAQVVQPQPLQPAAARPTQVQAGGESPHVNFDDTNPFSEGFQERERKERLREQQERQRMQIIKEVERQHVKHCVEQQQVSNCQDGTMRGLSQMPFYNQELPQDFMQPPRLQQQIQGPTFPQQQGTQQGYIGGPPRPLLGNGPFPQEMGSGFAPQNLAVHGPNLIQAQTRPQRYSVPHMMAQNPPQGHPFPMEGPTPLPPNFPGPGPSLIQLYSNIIPEEKGKKKRNQKKKKDEDCESLRAPSTPHTPHSDMTAPLTPCVSDTSSTPTRNPMVFGDHEFCETSQPGSSTPGSMSSQPHSELERQLSEGSCGGGPESAMGHEEMHDRILSNIKLEKVEANDCHGHKPIDMEIRIGMVKVEREIMLHHPSSQSPANSSKEEGGNELLKHLLKNKRTPPHALPHQRSEDSLRSEEEGSTESKAFFRQNSMDSTGTFSDSNHQDFPGPLILEDKKKQRNKRTPKSGDRPAPRCKKRKKEEDESQAVYSSTDPMITPLKQQHLSLLPLMEPLVGVNFAHLMPYGGGQLDGENRLSGTFGSASLDGVSDYYSQLIYKQNNLSNPPTPPASLPPTPPPVARQKLLNGFATTEELARKGGLIAGHDVTKGLLARPLEFKAEEELLAQALAQGPKTVNVPASLPTPPHNNQEELRGQEHCEDRNTPDSFVPSSSPESVVGMEISRYPDLSLVKEEPPSPAMSPVIPMFPVFRDKDVKLQEVKTEPSSVFFDSSFRSVQNGSNTGLVSIAIMLKPAAAENITDVVAAIADLIRVKIPSSYEVSSGPGGSFGAIKTSVDPQCLASALPNGPRALRQAPQHLLLQHNHNKNIGGEQYRDGQVRPGSKQQWCQHCKVVVLGKGVRKITKDEEVKPQESRLCSDGGLVFCSHSCLILHSSSSQSNGNADNKASVPLLSESALKQSFSKVQHQYSNNMSSLDVHCLAQLQPKPSSPAPYLHMAFAPAKAIKTESKPRSISEGHLKVTVKLKPRLHSHLEDKQWHHGKRWKGLRWRKWTIDIAMPKVAPQSSESELEERLKQLTTSLRPCLTIRDQRRCCFCQQIGDGMTDGPARLLNLDLDTWVHLNCALWSSEVYETQAGALINVGLARQRGQTVVCAFCQRLGATSGCHRLRCLNIYHFTCALQAGCTFFKDKTMLCHQHRPRGAGAAAGLHVEHQLRCFSVFRRVYVQRDELRQLAAAVQQPERGHTFRVGSLLFHAMGQLPPALMPTFHSSTAIFPPGYEATRLYWSMRHGQKRCRYVCSVEEHEGRAEFSIRVIEQGYEDLVLTDTSAKGVWEKVLGPVAERRAETGMLRLFPIYLKGEDLFGLTISAVTRIAESLPGVEACSRYRFRYGRNPLLVLPLSMNSSGSARSELQTYPQHERVKILSSWPRISRCIQNSTVAASASSHSKHFVHSKSSQYRRLASDWKSNVYLAHSRIQGLGLFAARAIEKQTMVIEYMGDILRTEVAMRRELLYKAKNRPAYMFCIDSERVIDATNSGSPARYINHSCSPNCVAEVVTFERGYKIIISAACRIERGEELCYDYKLTPVNDQSKIPCHCGAAKCRKWIN>ENSDARP00000149300.1MSSEEKSLDPSDKGPSPPPCSSGATPTGSPTPTDKRPRGRPRKDALSTATSIPSVPRQRKKNRGRGKALVEDEDSTDGMETAETGSTQETVAKGQQEETEDASAMAVSAEGEEEEQSSSPLPASSKTGAAQTSSASGEAKSSEQLCAFCYCGGRSLLGQGDLKPFRVTPGYDPPPRQSSTEEVHDHSDKTGAASQSGRQRGLESVGAEEAGSRFWDELRHVGLPDDVDVQTFFESGQCWAHQSCALWSNFVCQAEDQSLLYVDKAIHSGSTEHCAYCKRLGASIKCCEEGCDRSYHYPCVGAAGTFQDFRRRSVLCTEHIELAISKYEEEANCILCDSPGDLLDQFFCTSCGLHYHGMCLDISVTPLKRAGWQCPECKVCQTCKEPGEDTKMLVCDVCDKGYHTFCLKPAMDSIPTNGWRCKNCRMCVQCGTRSSEQWHHNSLLCQNCGDQQDTTLSCLCPSNVVPDIQKDLLSCHQCKRWFNPECERPSEGHTHPQPKEDHICSTCRTTGIESGHVCTEADGVQAEIQSDVGAEESTQLVPSNNDSEPAKVQDIEPHQPVREMQNEEKQTTNEKQMMEIGADVGGDLTKPESSETSHHSAEKEMTSDASPRETKGPEGEQTEQKLDFAPETSTVQQLETFFKTEEPPETSASLKENISKNENGSKPCLEEKKINPSPTKEPAPACTSHEEEPMEVLFTEEPSAEAHGVTVEPEVNTSENTPLIQSQRKIVQEQIIPPEIHTKEMDDITVDGDHRCLAKLTSLVEESTSLQQPPHRQPEGLLLVVQGTSQPQALTQAVSRESISNVPSSAFIPITPKIGMGKPAISKRKFSPGRPRVKQVSHILLYNQLCVD
M01909_2.00,ENSDARG00000036593,kdm2ba,MFILCVKTRAWNLYDKSLNKQQLPNKPKPKMATSTATTPSATTSSSTATAVKLPSNRTSSGARRRRTRCRKCEACVRTECGECHFCKDMKKFGGPGRMKQSCIMRQCIAPVLPHTAVCVVCGEAGKEDTLDDEDEKFNAMLMECSICNEIVHPNCLKVKDAAGVVNDELPNCWECPKCNYAGKTGKACKQKRGPGFKYASNLPGSLLREQKAGRDGREEGDQTSTGPASIKRKTEREETPRLKTEDLPSRLPPLLSPSGLPRPRSEVPNFLRKKRKLFDDDEEEEEASAKKKQKKPWRPEEPLIPKLSHMKAEEEEDNSDEEEERQEKREQPRRSIKKDYSIVRKEEEREEERREDRDPPFRSLKEFHNMSKEEDNDEEKEDDDEEEEEESNGKRGRDSSPALKNLSLSLESDASRCSSPRAGPSSEGSETQEKAPRARARRHRRKPPNRQLSAELSKQLNMEIRRTEHSLANENQQPLMSEPEDSENEEPKRGLRNGTAGNAGGGGGGVERGAGGEAGGERPHLRAREMNGTSWELRHFYPPQITPLGLNRSSPTVRPLPARSPPKCVQMERHVIRPPPICPPPDRLPLADGRNHIAPREAWLAIFSHLSHRELCVCMRVCRTWNRWCCDKRLWTRIDLKRCKSITPLMLSGIIRRQPITLDLSWTNISKKQLSWLINRLPGLRVLLLSGCSWVAVSALCTSSCPLLRTLDLQWVEGLKDPQMRDLLSPPTDNRPGQMDTRSKLRNVTDLRLAGLDITDSSLRLIIKNMPLLSRLDLSYCNHINDQSVNLLTAAGTTTRDSLTDVNLSVCNRVTDQSLSYFKRCGSICRIDMRFSKQVSRQACERFIAEMSVIVPFQLQEDKLLQKLHSTP>ENSDARP00000150290.1MLLFLDLLSFCFSNRCVKTRAWNLYDKSLNKQQLPNKPKPKMATSTATTPSATTSSSTATAVKLPSNRTSSGARRRRTRCRKCEACVRTECGECHFCKDMKKFGGPGRMKQSCIMRQCIAPVLPHTAVCVVCGEAGKEDTLDDEDEKFNAMLMECSICNEIVHPNCLKVKDAAGVVNDELPNCWECPKCNYAGKTGKACKQKRGPGFKYASNLPGSLLREQKAGRDGREEGDQTSTGPASIKRKTEREETPRLKTEDLPSRLPPLLSPSGLPRPRSEVPNFLRKKRKLFDDDEEEEEASAKKKQKKPWRPEEPLIPKLSHMKAEEEEDNSDEEEERQEKREQPRRSIKKDYSIVRKEEEREEERREDRDPPFRSLKEFHNMSKEEDNDEEKEDDDEEEEEESNGKRGRDSSPALKNLSLSLESDASRCSSPRAGPSSEGSETQEKAPRARARRHRRKPPNRQLSAELSKQLNMEIRRTEHSLANENQQPLMSEPEDSENEEPKRGLRNGTAGNAGGGGGGVERGAGGEAGGERPHLRAREMNGTSWELRHFYPPQITPLGLNRSSPTVRPLPARSPPKCVQMERHVIRPPPICPPPDRLPLADGRNHIAPREAWLAIFSHLSHRELCVCMRVCRTWNRWCCDKRLWTRIDLKRCKSITPLMLSGIIRRQPITLDLSWTNISKKQLSWLINRLPGLRVLLLSGCSWVAVSALCTSSCPLLRTLDLQWVEGLKDPQMRDLLSPPTDNRPGQMDTRSKLRNVTDLRLAGLDITDSSLRLIIKNMPLLSRLDLSYCNHINDQSVNLLTAAGTTTRDSLTDVNLSVCNRVTDQSLSYFKRCGSICRIDMRFSKQVSRQACERFIAEMSVIVPFQLQEDKLLQKLHSTP>ENSDARP00000152592.1MAMAMSLSADDEDYDSDTAEQQQLPNKPKPKMATSTATTPSATTSSSTATAVKLPSNRTSSGARRRRTRCRKCEACVRTECGECHFCKDMKKFGGPGRMKQSCIMRQCIAPVLPHTAVCVVCGEAGKEDTLDDEDEKFNAMLMECSICNEIVHPNCLKVKDAAGVVNDELPNCWECPKCNYAGKTGKACKQKRGPGFKYASNLPGSLLREQKAGRDGREEGDQTSTGPASIKRKTEREETPRLKTEDLPSRLPPLLSPSGLPRPRSEVPNFLRKKRKLFDDDEEEEEASAKKKQKKPWRPEEPLIPKLSHMKAEEEEDNSDEEEERQEKREQPRRSIKKDYSIVRKEEEREEERREDRDPPFRSLKEFHNMSKEEDNDEEKEDDDEEEEEESNGKRGRDSSPALKNLSLSLESDASRCSSPRAGPSSEGSETQEKAPRARARRHRRKPPNRQLSAELSKQLNMEIRRTEHSLANENQQPLMSEPEDSENEEPKRGLRNGTAGNAGGGGGGVERGAGGEAGGERPHLRAREMNGTSWELRHFYPPQITPLGLNRSSPTVRPLPARSPPKCVQMERHVIRPPPICPPPDRLPLADGRNHIAPREAWLAIFSHLSHRELCVCMRVCRTWNRWCCDKRLWTRIDLKRCKSITPLMLSGIIRRQPITLDLSWTNISKKQLSWLINRLPGLRVLLLSGCSWVAVSALCTSSCPLLRTLDLQWVEGLKDPQMRDLLSPPTDNRPGQMDTRSKLRNVTDLRLAGLDITDSSLRLIIKNMPLLSRLDLSYCNHINDQSVNLLTAAGTTTRDSLTDVNLSVCNRVTDQSLSYFKRCGSICRIDMRFSKQVSRQACERFIAEMSVIVPFQLQEDKLLQKLHSTP>ENSDARP00000154355.1MEIRRTEHSLANENQQPLMSEPEDSENEEPKRGLRNGTAGNAGGGGGGVERGAGGEAGGERPHLRAREMNGTSWELRHFYPPQITPLGLNRSSPTVRPLPARSPPKCVQMERHVIRPPPICPPPDRLPLADGRNHIAPREAWLAIFSHLSHRELCVCMRVCRTWNRWCCDKRLWTRIDLKRCKSITPLMLSGIIRRQPITLDLSWTNISKKQLSWLINRLPGLRVLLLSGCSWVAVSALCTSSCPLLRTLDLQWVEGLKDPQMRDLLSPPTDNRPGQMDTRSKLRNVTDLRLAGLDITDSSLRLIIKNMPLLSRLDLSYCNHINDQSVNLLTAAGTTTRDSLTDVNLSVCNRVTDQSLSYFKRCGSICRIDMRFSKQVSRQACERFIAEMSVIVPFQLQEDKLLQKLHSTP>ENSDARP00000053157.6MAMAMSLSADDEDYDSDTAEQQQLPNKPKPKMATSTATTPSATTSSSTATAVKLPSNRTSSGARRRRTRCRKCEACVRTECGECHFCKDMKKFGGPGRMKQSCIMRQCIAPVLPHTAVCVVCGEAGKEDTLDDEDEKFNAMLMECSICNEIVHPNCLKVKDAAGVVNDELPNCWECPKCNYAGKTGKACKQKRGPGFKYASNLPGSLLREQKAGRDGREEGDQTSTGPASIKRKTEREETPRLKTEDLPSRLPPLLSPSGLPRPRSEVPNFLRKKRKLFDDDEEEEEASAKKKQKKPWRPEEPLIPKLSHMKAEEEEDNSDEEEERQEKREQPRRSIKKDYSIVRKEEEREEERREDRDPPFRSLKEFHNMSKEEDNDEEKEDDDEEEEEESNGKRGRDSSPALKNLSLSLESDASRCSSPRAGPSSEGSETQEKAPRARARRHRRKPPNRQLSAELSKQLNMEIRRTEHSLANENQQPLMSEPEDSENEEPKRGLRNGTAGNAGGGGGGVERGAGGEAGGERPHLRAREMNGTSWELRHFYPPQITPLGLNRSSPTVRPLPARSPPKCVQMERHVIRPPPICPPPDRLPLADGRNHIAPREAWLAIFSHLSHRELCVCMRVCRTWNRWCCDKRLWTRIDLKRCKSITPLMLSGIIRRQPITLDLSWTNISKKQLSWLINRLPGLRVLLLSGCSWVAVSALCTSSCPLLRTLDLQWVEGLKDPQMRDLLSPPTDNRPGQMDTRSKLRNVTDLRLAGLDITDSSLRLIIKNMPLLSRLDLSYCNHINDQSVNLLTAAGTTTRDSLTDVNLSVCNRVTDQSLSYFKRCGSICRIDMRFSKQVSRQACERFIAEMSVIVPFQLQEDKLLQKLHSTP>ENSDARP00000131056.2MAMSLSADDEDYDSDTAEQQQLPNKPKPKMATSTATTPSATTSSSTATAVKLPSNRTSSGARRRRTRCRKCEACVRTECGECHFCKDMKKFGGPGRMKQSCIMRQCIAPVLPHTAVCVVCGEAGKEDTLDDEDEKFNAMLMECSICNEIVHPNCLKVKDAAGVVNDELPNCWECPKCNYAGKTGKACKQKRGPGFKYASNLPGSLLREQKAGRDGREEGDQTSTGPASIKRKTEREETPRLKTEDLPSRLPPLLSPSGLPRPRSEVPNFLRKKRKLFDDDEEEEEASAKKKQKKPWRPEEPLIPKLSHMKAEEEEDNSDEEEERQEKREQPRRSIKKDYSIVRKEEEREEERREDRDPPFRSLKEFHNMSKEEDNDEEKEDDDEEEEEESNGKRGRDSSPALKNLSLSLESDASRCSSPRAGPSSEGSETQEKAPRARARRHRRKPPNRQLSAELSKQLNMEIRRTEHSLANENQQPLMSEPEDSENEEPKRGLRNGTAGNAGGGGGGVERGAGGEAGGERPHLRAREMNGTSWELRHFYPPQITPLGLNRSSPTVRPLPARSPPKCVQMERHVIRPPPICPPPDRLPLADGRNHIAPREAWLAIFSHLSHRELCVCMRVCRTWNRWCCDKRLWTRIDLKRCKSITPLMLSGIIRRQPITLDLSWTNISKKQLSWLINRLPGLRVLLLSGCSWVAVSALCTSSCPLLRTLDLQWVEGLKDPQMRDLLSPPTDNRPGQMDTRSKLRNVTDLRLAGLDITDSSLRLIIKNMPLLSRLDLSYCNHINDQSVNLLTAAGTTTRDSLTDVNLSVCNRVTDQSLSYFKRCGSICRIDMRFSKQVSRQACERFIAEMSVIVPFQLQEDKLLQKLHSTP
M01909_2.00,ENSDARG00000046010,kdm2bb,MEACAESGRKLRSICRRMYDENEDLSDVEEITNVRGFSLEDKLDSASYNSQLVQFMEGKDFTYEYVQREALRTPLVFKAKDGLGIRMPDPEFTVSEIKGLVGSRRPVDVMDVSTQKGSEMSMAQFVRYYETPEDERDKLFNVISLEFSHTKLENLIKRPTVVDLVDWVDNMWPRHLKQKQTEATNVMSEMKYPKVQRYCLMSVKGCFTDFHIDFGGTSVWYHVFKGQKVFWLIPPNAHNLSLYEDWVLSGKQSDIFLGDRADGCQRVELKQGYTFFIPSGWIHAVYTPEDTLVFGGNILHSFNIPMQLTVYEIENRTKVHSKFRYPFFYEMCWYVLERYVSCLTKRSHLSLEFRNHTAEPKPVTESLMSATRLDMEEDSCGTEGTILSSFSIPPCQTFKPSANDSEDSSKSLPSECPKTPSGSPGMDHSGKWSHLTEFELNGLKALVEKLESLPENKKCVPEGIEDPQALLDDVKVVLKEHADDNPKLAISGSPIVCWPKKTFKPRPLNRPKPKMGSSPCAAPGSTAGGMKLSSGRGSSSARRRRTRCRKCEACTRKECGECHFCKDMKKFGGPGRMKQSCIMRQCIAPVLPHTAVCVVCGEAGKEDTVEGEDDKFSMMLMECSICSEIIHPACLKDKDAGGVVNDELPNCWECPKCNHAGKTGKQKRGPGFKYASNLPGSLLKEQRTLIKEEPDMSTETTAVSPITKRKTEHEDNPTCKSEDALKKRSPKLEDNPLRKKRKLFEKDSDSNSIIRKKKKRTNPDDLSTSLILGHIKKEREDDEEYEEQNQPERSFVPSEEEDGDDERDEEEEEKALSSRKENGKVSHKTLESDQSQGGLTQAGPSSTDAQSKSQRKPKRKPRLPNKELSKELSKQLNQEIQKTEDRLAHQNGRTVKTEPSSDGEDRKPLNNGSSHLRDWLGPKWELNGSLREQTPVSLIRTTTPAPVFRPTPCRSPPKCVQMERHVIRPPPISPPPDRLPLDDGKNHVLRREVWMGVFSHLIHKDLCVCMSVCKTWNRWCCDKRLWTKIDLNRCKSITPLMLSGIIRRQPVSLDLSWTNISKKQLSWLINRLPGLRVLLLAGCSWAAVSALCTSSCPLLRNLDVQWVEGLKDNQIRDLLSPPTDNRPGQLDCRSKLRNVEDLCLAGLDITDTSLKLIIKHMPLLSQLDLSYCNHITDQSVNILTAAGTTTRDSLTHINLSVCNRVTDLSLTYFKRCGNICQIDLRYCKQVTKEGCEQFIAEMSVSVQFRLMEEKLLSKLS>ENSDARP00000133053.2MEACAESGRKLRSICRRMYDENEDLSDVEEITNVRGFSLEDKLDSASYNSQLVQFMEGKDFTYEYVQREALRTPLVFKAKDGLGIRMPDPEFTVSEIKGLVGSRRPVDVMDVSTQKGSEMSMAQFVRYYETPEDERDKLFNVISLEFSHTKLENLIKRPTVVDLVDWVDNMWPRHLKQKQTEATNVMSEMKYPKVQRYCLMSVKGCFTDFHIDFGGTSVWYHVFKGQKVFWLIPPNAHNLSLYEDWVLSGKQSDIFLGDRADGCQRVELKQGYTFFIPSGWIHAVYTPEDTLVFGGNILHSFNIPMQLTVYEIENRTKVHSKFRYPFFYEMCWYVLERYVSCLTKRSHLSLEFRNHTAEPKPVTESLMSATRLDMEEDSCGTEGTILSSFSIPPCQTFKPSANDSEDSSKSLPSECPKTPSGSPGMDHSGKWSHLTEFELNGLKALVEKLESLPENKKCVPEGIEDPQALLDDVKVVLKEHADDNPKLAISGSPIVCWPKKTFKPRPLNRPKPKMGSSPCAAPGSTAGGMKLSSGRGSSSARRRRTRCRKCEACTRKECGECHFCKDMKKFGGPGRMKQSCIMRQCIAPVLPHTAVCVVCGEAGKEDTVEGEDDKFSMMLMECSICSEIIHPACLKDKDAGGVVNDELPNCWECPKCNHAGKTGKQKRGPGFKYASNLPGSLLKEQRTLIKEEPDMSTETTAVSPITKRKTEHEDNPTCKSEDALKKRSPKLEDNPLRKKRKLFEKDSDSNSIIRKKKKRTNPDDLSTSLILGHIKKEREDDEEYEEQNQPERSFVPSEEEDGDDERDEEEEEKALSSRKENGKVSHKTLESDQSQGGLTQAGPSSTDAQSKSQRKPKRKPRLPNKELSKELSKQLNQEIQKTEDRLAHQNGRTVKTEPSSDGEDRKPLNNGSSHLRDWLGPKWELNGSLREQTPMERHVIRPPPISPPPDRLPLDDGKNHVLRREVWMGVFSHLIHKDLCVCMSVCKTWNRWCCDKRLWTKIDLNRCKSITPLMLSGIIRRQPVSLDLSWTNISKKQLSWLINRLPGLRVLLLAGCSWAAVSALCTSSCPLLRNLDVQWVEGLKDNQIRDLLSPPTDNRPGQLDCRSKLRNVEDLCLAGLDITDTSLKLIIKHMPLLSQLDLSYCNHITDQSVNILTAAGTTTRDSLTHINLSVCNRVTDLSLTYFKRCGNICQIDLRYCKQVTKEGCEQFIAEMSVSVQFRLMEEKLLSKLS
M01910_2.00,ENSDARG00000059653,kdm2aa,MDVMSAGDATSRSKRSGTRRRYQDDGISDDEIDGRRTFDLEEKLHSSFFSSDRVKRMEGKDFSYEYVQRHGLRDPIIFEKPEGLGIKMPDPDFTVNDVKLFVGSRRIVDVMDVATQKGTEMSMAQWRRYYETPPSQREKLYNVISLEFSHTKLETLVKRPSTVDMIDWVDNMWPRHLKERQRDSTNSIMEMQYPKVQKYCLMSVQGCYTDFHIDFGGTSVWYHIHKGCKVFWLIPPTPQNLELYENWVLSGKQGDIFLGDRATDCQRIELKQGYTFIIPSGWIHAVYTPVDTLVFGGNFLHSFNVPMQLDISGIEDRTRVPVKFRYPFFFEMCWYVLERYLYSLTNKSHLIPEFQKHSLGIGLKRENSEVLNGHAKEERDEMDAPSPPSAPGLKTHLTAFELEGLWRLVGKLESLPSNKKCVPSGIHNAAALLLDIRALLKEHANDIPKLSYTGRPIVRWPKRPPWYQPPPPPPPVMRPKLATTPIVPRPVKPASNMSVLRRRRVRCKRCEACLRTECGDCNFCRDMKKFGGPGKLKQTCVLRQCLAPGLPLSAVCELCGEGNQETSEELMECSNCAQIAHPSCLKTSGEGVVNKDLPSCWECPKCVLGKDTDSEIKLDGGKSHKRKSSSLDPRVAKIYRRHGMEHDDDSGSDDDGDGGRMSSVRSSVSSSRRGYGASRRGVWRGSSQRGPRGGGSLSSSSLKMRRGLGARGERGGRVRLRGGSQMRRRRYETDDDDDDDDDDDDDDDDDDDEDEDDEDDSEEDRHVSRSEKEHRSRRRRRRGDDYDDDEDEDDDDEEDSEEQDYEGEDDEMEDLDDGGDEDDEDGENQSDSDPDPPVLLVSDLNDDLLNDSYLTVTLHRPPKAKRDPGSIVPKLEAAMSPRTGGSSGFMQRKTLPKARPKTSSSTPAGNGLSQAKSGRPTRRSSNQDGRERDTASPSSMSSRSSVSPPPPPPAVTSSSPSLLSHPSFRDAGNELGCEKDIWVSVFRYLDRTDLAVCMRVCKAWFKWCCDKRLWTRIDLSRCRALSPQAVTAIIKLQPVTLDLSWTPVSKKQLAWLIHHLPSLKDLIMSGCSSLCVSALSSPSCPSLRTLDLCWAVGVKDSQIKDLIVQPGSESRSRLRSLVSLRLSGLELSDAVIKTMVRHMPSLRQLDLSYCQGLTDQSINLLTATGCNTRNTLRQLNLSGCNKLSDGCLSYMKRLSALALLDLRGCKNVTRHGCENFISDLSYCTVFCLTEDKLIQRVS>ENSDARP00000116460.1XWYVLERYLYSLTNKSHLIPEFQKHSLGIGLKRENSEVLNGHAKEERDEMDAPSPPSAPGLKTHLTAFELEGLWRLVGKLESLPSNKKCVPSGIHNAAALLLDIRALLKEHANDIPKLSYTGRPIVRWPKRPPWYQPPPPPPPVMRPKLATTPIVPRPVKPASNMSVLRRRRVRCKRCEACLRTECGDCNFCRDMKKFGGPGKLKQTCVLRQCLAPGLPLSAVCELCGEGNQETSEELMECSNCAQIAHPSCLKTSGEGVVNKDLPSCWECPKCVLGKDTDSESSGSGDDITAQDGSGGRGGEGGAWHGVGRPPSSLSHGSLQKRAAAPEQRLRKRIKLDGGKSHKRKSSSLDPRVAKIYRRHGMEHDDDSGSDDDGDGGRMSSVRSSVSSSRRGYGASRRGVWRGSSQRGPRGGGSLSSSSLKMRRGLGARGERGGRVRLRGGSQMRRRRYETDDDDDDDDDDDDDDDDDDDEDEDDEDDSEEDRHVSRSEKEHRSRRRRRRGDDYDDDEDEDDDDEEDSEEQDYEGEDDEMEDLDDGGDEDDEDGENQSDSDPDPPVLLVSDLNDDLLNDSYLTVTLHRPPKAKRDPGSIVPKLEAAMSPRTGGSSGFMQRKTLPKARPKTSSSTPAGNGLSQAKSGRPTRRSSNQDGRERDTASPSSMSSRSSVSPPPPPPAVTSSSPSLLSHPSFRDAGNELGCEKDIWVSVFRYLDRTDLAVCMRVCKAWFKWCCDKRLWTRIDLSRCRALSPQAVTAIIKLQPVTLDLSWTPVSKKQLAWLIHHLPSLKDLIMSGCSSLCVSALSSPSCPSLRTLDLCWAVGVKDSQIKDLIVQPGSESRSRLRSLVSLRLSGLELSDAVIKTMVRHMPSLRQLDLSYCQGLTDQSINLLTATGCNTRNTLRQLNLSGCNKLSDGCLSYMKRLSALALLDLRGCKNVTRHGCENFISDLSYCTVFCLTEDKLIQRVS>ENSDARP00000134050.1MDVMSAGDATSRSKRSGTRRRYQDDGISDDEIDGRRTFDLEEKLHSSFFSSDRVKRMEGKDFSYEYVQRHGLRDPIIFEKPEGLGIKMPDPDFTVNDVKLFVGSRRIVDVMDVATQKGTEMSMAQWRRYYETPPSQREKLYNVISLEFSHTKLETLVKRPSTVDMIDWVDNMWPRHLKERQRDSTNSIMEMQYPKVQKYCLMSVQGCYTDFHIDFGGTSVWYHIHKGCKVFWLIPPTPQNLELYENWVLSGKQGDIFLGDRATDCQRIELKQGYTFIIPSGWIHAVYTPVDTLVFGGNFLHSFNVPMQLDISGIEDRTRVPVKFRYPFFFEMCWYVLERYLYSLTNKSHLIPEFQKHSLGIGLKRENSEVLNGHAKEERDEMDAPSPPSAPGLKTHLTAFELEGLWRLVGKLESLPSNKKCVPSGIHNAAALLLDIRALLKEHANDIPKLSYTGRPIVRWPKRPPWYQPPPPPPPVMRPKLATTPIVPRPVKPASNMSVLRRRRVRCKRCEACLRTECGDCNFCRDMKKFGGPGKLKQTCVLRQCLAPGLPLSAVCELCGEGNQETSEELMECSNCAQIAHPSCLKTSGEGVVNKDLPSCWECPKCVLGKDTDSESSGSGDDITAQDGSGGRGGEGGAWHGVGRPPSSLSHGSLQKRAAAPEQRLRKRIKLDGGKSHKRKSSSLDPRVAKIYRRHGMEHDDDSGSDDDGDGGRMSSVRSSVSSSRRGYGASRRGVWRGSSQRGPRGGGSLSSSSLKMRRGLGARGERGGRVRLRGGSQMRRRRYETDDDDDDDDDDDDDDDDDDDEDEDDEDDSEEDRHVSRSEKEHRSRRRRRRGDDYDDDEDEDDDDEEDSEEQDYEGEDDEMEDLDDGGDEDDEDGENQSDSDPDPPVLLVSDLNDDLLNDSYLTVTLHRPPKAKRDPGSIVPKLEAAMSPRTGGSSGFMQRKTLPKARPKTSSSTPAGNGLSQAKSGRPTRRSSNQDGRERDTASPSSMSSRSSVSPPPPPPAVTSSSPSLLSHPSFRDAGNELGCEKDIWVSVFRYLDRTDLAVCMRVCKAWFKWCCDKRLWTRIDLSRCRALSPQAVTAIIKLQPVTLDLSWTPVSKKQLAWLIHHLPSLKDLIMSGCSSLCVSALSSPSCPSLRTLDLCWAVGVKDSQIKDLIVQPGSESRSRLRSLVSLRLSGLELSDAVIKTMVRHMPSLRQLDLSYCQGLTDQSINLLTATGCNTRNTLRQLNLSGCNKLSDGCLSYMKRLSALALLDLRGCKNVTRHGCENFISDLSYCTVFCLTEDKLIQRVS
M01910_2.00,ENSDARG00000078133,kdm2ab,MSEAKSRYSKRLRSGTRRRYQDDGISDDEIEGKRSFDLEEKLQSDRYNSNLVKIMDGKDFTLEYIQREGLRDPIIFKKADGLGIKMPDPDFSVSDVKLFVGSRRMIDVMDAATQKGIEMSMGQWRRYYETPASQREKLYNVISLEFSHTKLEHLVKRPTSVDMIDWVDNMWPRHLKERQRDSTNAITDMQYPKVQKYCLMSVEGCFTDFHIDFGGTSVWYHIHKGGKVFWLIPPTPQNLELYENWVLSAKQGDIFLGDKASMCQRIELKQGYTFMIPSGWIHAVYTPMDTLVFGGNFLHSFNIPMQLNIFNIEDRTRVPSKFRYPFYFEMCWYVLERYLYCLTNTSHLTPEFQKHSLGIGLKKEDVIKPAKPDGDSESEDEEVKEEPEEEAVTPPARPGVKVHLAPFELEGLWALLHKLEDLPAHKKCVPAGIRNAPALLSDIRKLLEEHANDNPKLSYTGKPIVKWPKRPSWYQPPPPPPPSHLYRPRTPGSGPMLAPVPRPVKPSSSISALRRRRVRCKRCEACLRTECGNCNYCRDMRKFGGPGRLKKSCVLRQCLAPALPLTAVCVICKEGNQESDDTESVQMLMECSECAQITHPECIKVPGEGVINKDLPSCWECPKCVQGKKTESSSSSEEETDSSVSNSSRLSGPPAKRAYREGIGVEGLRIARRGRSSISPSSLPITRSRRQPPPSQRLLLQHQQNRKRAGALELQLRKRIKLERNKILQSLLRQRSLERRGLIRAGPGQSLSRGRGSSSFRGRGLRVRGGGRGGGLRERMEMVVEREDSAEEEQQERKENGQYNGKENRPQRLSGKAGEDENGDAHRNGESEESSEGGEPTLSDTSVALTDDVRGQESCVTVKLQPSRAKRDPSTIVPKLEANLSSRSLPPNHKALLRPPLRNGARCSDAPHSPGDRLHVNKSHALSSSSHTLTRRASKNSNLRSNFEDSTHRLTRERIQKNARSERAKSSDSCPSSTFHSGGGNEPGWEKEVWVSVFRYLTRAELCVCMAVCKSWYKWGCDKRLWTRISLSRSRSMSPQVLTGIIKRQPVTLDLSWANITKKQLSWLINRLPGLKDLVLSGCNWSSVSALSSPSCPLLRSLDLSWADGIKDAQIRELLNPPGSDNRSQMKNMQCLWLCGLEVTEATLRLIIRHMPLLTRLELSRCPITDGALNLLSAVGSSTRNTLTHLNLAGCTQLTDRCLVYLRRLSCLSILDLRDCKGVSVQACQSFISELSVNTLYYLSDDKLIERIS>ENSDARP00000145227.1MCIFIFQSMSEAKSRYSKRLRSGTRRRYQDDGISDDEIEGKRSFDLEEKLQSDRYNSNLVKIMDGKDFTLEYIQREGLRDPIIFKKADGLGIKMPDPDFSVSDVKLFVGSRRMIDVMDAATQKGIEMSMGQWRRYYETPASQREKLYNVISLEFSHTKLEHLVKRPTSVDMIDWVDNMWPRHLKERQRDSTNAITDMQYPKVQKYCLMSVEGCFTDFHIDFGGTSVWYHIHKGGKVFWLIPPTPQNLELYENWVLSAKQGDIFLGDKASMCQRIELKQGYTFMIPSGWIHAVYTPMDTLVFGGNFLHSFNIPMQLNIFNIEDRTRVPSKFRYPFYFEMCWYVLERYLYCLTNTSHLTPEFQKHSLGIGLKKEDVIKPAKPDGDSESEDEEVKEEPEEEAVTPPARPGVKVHLAPFELEGLWALLHKLEDLPAHKKCVPAGIRNAPALLSDIRKLLEEHANDNPKLSYTGKPIVKWPKRPSWYQPPPPPPPSHLYRPRTPGSGPMLAPVPRPVKPSSSISALRRRRVRCKRCEACLRTECGNCNYCRDMRKFGGPGRLKKSCVLRQCLAPALPLTAVCVICKEGNQESDDTESVQMLMECSECAQITHPECIKVPGEGVINKDLPSCWECPKCVQGKKTESSSSSEEETDSSVSNSSRLSGPPAKRAYREGIGVEGLRIARRGRSSISPSSLPITRSRRQPPPSQRLLLQHQQNRKRAGALELQLRKRIKLERNKILQSTRSPVSLSPKLLRQRSLERRGLIRAGPGQSLSRGRGSSSFRGRGLRVRGGGRGGGLRERMEMVVEREDSAEEEQQERKENGQYNGKENRPQRLSGKAGEDENGDAHRNGESEESSEGGEPTLSDTSVALTDDVRGQESCVTVKLQPSRAKRDPSTIVPKLEANLSSRSLPPNHKALLRPPLRNGARCSDAPHSPGDRLHVNKSHALSSSSHTLTRRASKNSNLRSNFEDSTHRLTRERIQKNARSERAKSSDSCPSSTFHSGGGNEPGWEKEVWVSVFRYLTRAELCVCMAVCKSWYKWGCDKRLWTRISLSRSRSMSPQVLTGIIKRQPVTLDLSWANITKKQLSWLINRLPGLKDLVLSGCNWSSVSALSSPSCPLLRSLDLSWADGIKDAQIRELLNPPGSDNRSQMKNMQCLWLCGLEVTEATLRLIIRHMPLLTRLELSRCPITDGALNLLSAVGSSTRNTLTHLNLAGCTQLTDRCLVYLRRLSCLSILDLRDCKGVSVQACQSFISELSVNTLYYLSDDKLIERIS
M02079_2.00,ENSDARG00000005574,vsx2,MTGKDGAVLSESLNKSKSLCATENGGNNNPHLSKSSITHPPKCTGFGIQEILGLNKEPSSAPRSTLDSFPAGAHLLASRSMLGPAGVGVGVGMGLIGPGGIPSFYSQPAFLEVLSDAQNVHLQPLSRTVGPLEHNQSASSDSDDVSSSERKMSKSSLSQSKKRKKRRHRTIFTSYQLEELEKAFNEAHYPDVYAREMLAMKTELPEDRIQVWFQNRRAKWRKREKCWGRSSVMAEYGLYGAMVRHSIPLPESILKSAKDGIMDSCAPWLLGMHKKSLETAGHQSNEKSDVTQTPTNPKPDEAEAEERRTESPMSKEELRENSIAALRAKAQEHSAKVLGTVSSERLEHNMETTVTEEKSSEQIDAKEEEKSS
M02080_2.00,ENSDARG00000040955,dharma,MATQKFSNFSIDYILGDTSRQTAESPGVDHPASSQDFQGHLRKLDQLYQEGCRGHCDRAALMVNFPCPSWPGMYCCCVPVSYYQSTYYAGQPWPYAVAGCETAENHYHTIAQRPRGRIRTVFTDNQTEQLERLFAVTDYPTVETRAELAQNTGLSEETVRVWFKNRRARRKRQTTCPDKHANRALEDHQESD
M02081_2.00,ENSDARG00000059256,hoxd13a,MDGGGLDEEFINVYPSAFGTHSSRCTSGAPVLSAVDRPTSVCNESISPYFSFPSNIGSGSFTFGCHLENSYKVPQNAVFPPGVAKQNGQFANKPVDHGEASSWLKEFAFYQGCARSYPRIPAFIDLPVVQRAMMGDLRHETCLTMEGHQHWDWSNNCSSQLYCFQDQTRSPHIWKPSLTEEAAAASFCQRGRKKRVPYTKFQLKELEREYNTTKFITKENRRRIASSTNLSERQVTIWFQNRRVKDKKRPDVCIKC
M02082_2.00,ENSDARG00000104199,si:dkey-43p13.5,MFGAGHLVSPLSPAVFHSPAAHFFPAFPSRLSSPQIFIPGPLLSYELLRSYLQPEPCKQSLLLAAHPSSGHPADNIDEPRPVKQRRARANYSSWQLEELEKTFQSTHYPDIFMREALALRLDLIEARVQVWFQNRRAKMRRQLKLQIQTGEQCSQRDTDTRHPESSISNPELHNNSPSPCWDRNQDRTNPAHPKPSPSAIQSPVTDLLQDQQDPEAPGPEDLRSCSIAKLRAKARDYEAEIHSTVARERKMKRVSDRD
M02248_2.00,ENSDARG00000053097,hsf2,MKHSSNVPAFLTKLWTLVEDSDTNEFICWSQEGNSFLVLDEQRFAKEILPKFFKHNNMASFVRQLNMYGFRKVMHIDSGIVKQERDGPVEFQHPYFKHGQDDLLENIKRKVSNARPEESKIRQDDLSKILTSVQSVHEQQENMDARLATLKRENEALWTELSDLRKVHVQQQQVIKELVQFIFTLVQNNRLLNLKRKRPLALNINGKKSKFIHQLFEEPIDHSKTTVNGLKNNSDISDDVIICDITDEDPEVTDGISVPDEEDAEIVEITYESSPKTVRQDSANGTIVNSTAHQEAEPKTTPDVSTTNSALQLNKPSCLSLEDPMKLMDSILSENGAISQNINLLGKVELMDYLDSIDCSLEDFQAMLYGKQFNIDPDIIEETISETKNNNSKANKENLDSENTDKQLIQYTTCPLMAFLDGCTPLTPSDPQPEDPPDLLDESLEMETPRSSLIRLEPLTEAEANEATLFYLCELNSDLPNADTPPLDI>ENSDARP00000114882.1MKHSSNVPAFLTKLWTLVEDSDTNEFICWSQEGNSFLVLDEQRFAKEILPKFFKHNNMASFVRQLNMYGFRKVMHIDSGIVKQERDGPVEFQHPYFKHGQDDLLENIKRKVSNARPEESKIRQDDLSKILTSVQSVHEQQENMDARLATLKRENEALWTELSDLRKVHVQQQQVIKELVQFIFTLVQNNRLLNLKRKRPLALNINGKKSKFIHQLFEEPIDHSKTTVNGLKNNSDISDDVIICDITDEDPEVTDGISVPDEEDAEIVEITYESSPKTVRQDSANGTIVNSTAHQEAEPKTTPDVSTTNSALQLNKPSCLSLEDPMKLMDSILSENGAISQNINLLGKVELMDYLDSIDCSLEDFQAMLYGKQFNIDPDIIEETISETKNNNSKANKENLDSENTDKQLIQYTTCPLMAFLDGCTPLTPSDPQPEDPPDLLDESLEMETPRSSLIRLEPLTEAEANEATLFYLCELNSDLPNADTPPLDI
M02384_2.00,ENSDARG00000078676,myrf,METVIDETEALQRFFEGHDINSSLEPANIDTSILEEYISKEDDSADICFTEVHSGPAPQFSSAQAGASSSGGVGCGVSPPIPLRQSTVPSLSQSCQNPYPGAPPLGHIRHNYPCLGQQQTQNIKPDHRGQYAPGTLPESPPDSSSEPYSPQQANDPHMLRTMTPENMCHMTSPPPLQTHPHYPSMHRDMYLKPEPMISQYPIGPASGGGGDMQQTQMLHQLLQHPQTPDGMPVHPAKKRKHSDSPNNTLNSQMLTGMIKQEPGLMQDAENSYLDPNYQCIKWQAHQQNKWTTLYDSSGKELPMPTYRVDADKGFNFSLADDAFVCQKKNHFQVTVYIGMPGDPKYVKTSDGLQPIDCFYLKLNGVKLEAMNQSINVEQSQSDRSKRPFKPVLVTLPPEQVTKVTVGRLHFSETTANNMRKKGKPNPDQRYFMLVVSLQAQCHSQSFSVAAHVSERIIVRASNPGQFESDSEVLWQRGQLPDSVYHHGRVGINTDRPDEALVVHGNVKVMGSLVHPSDIRAKENVKEVDTTDNLRRISQMRLVHYQYKPEFAATVGIDATAETGVIAQEVQQILPEAVKEGGDVVCANGETIPNLLVVNKERIFMENVGAVKELCKLTDNLETRIDELERWSRKLAKLRRLDSMKSTVSGGTVSQSGSYFSRTGSGPLKKKSPMPGSKRAVPEQSCLSHKFMQATILALVIIMAFSVISMSILYVLNLQQHGSVSDVEGSTSRCLLFVYRTPFLTAALTFCPSSCLWSRSVLGSARQASFSPSRVTTSTLSADSTSLSVTNHPPCCPPTLATTNQSATLSLLPGNNQSTPDSSTVVPTQATINKKAKSRPLDKESRNKNRLSHTSAPLFLSKAKRPPQPPEVSGATKRLPGGQQTPQRRQRSANTHDPTGCLSKLQILQTNQEIRELHCSSPETCSFTVFVNGEHNSSSSHVTLHMISSEVLYVWRCGSSRGRLCPNYPDSSFSLSPSTFTTGTSHVWSLPVLPFQEVTYTFRLSHSSQSGCGAGDEVQSSHCSEYSFLIHSTC>ENSDARP00000127515.1METVIDETEALQRFFEGHDINSSLEPANIDTSILEEYISKEDDSADICFTEVHSGPAPQFSSAQAGASSSGGVGCGVSPPIPLRQSTVPSLSQSCQNPYPGAPPLGHIRHNYPCLGQQQTQNIKPDHRGQYAPGTLPESPPDSSSEPYSPQQANDPHMLRTMTPENMCHMTSPPPLQTHPHYPSMHRDMYLKPEPMISQYPIGPASGGGGDMQQTQMLHQLLQHPQTPDGMPVHPAKKRKHSDSPNNTLNSQMLTGMIKQEPGLMQDAENSYLDPNYQCIKWQAHQQNKWTTLYDSSGKELPMPTYRVDADKGFNFSLADDAFVCQKKNHFQVTVYIGMPGDPKYVKTSDGLQPIDCFYLKLNGVKLEAMNQSINVEQSQSDRSKRPFKPVLVTLPPEQVTKVTVGRLHFSETTANNMRKKGKPNPDQRYFMLVVSLQAQCHSQSFSVAAHVSERIIVRASNPGQFESDSEVLWQRGQLPDSVYHHGRVGINTDRPDEALVVHGNVKVMGSLVHPSDIRAKENVKEVDTTDNLRRISQMRLVHYQYKPEFAATVGIDATAETGTVRAYTSDSINVHISVCAYISPPNQKKNMF
M02393_2.00,ENSDARG00000040926,nr2f2,MAMVVWRGSQDDVAETHGTLSSQTQGGLSLPTPQPGQLGLTASQVAPPTPQTPVQGPPNNNNNTQSTPTNQTTQSQSEKQQPQHIECVVCGDKSSGKHYGQFTCEGCKSFFKRSVRRNLTYTCRANRNCPIDQHHRNQCQYCRLKKCLKVGMRREAVQRGRMPPTQPHHGQFALTNGDPLHCHSYLSGYISLLLRAEPYPTSRYGSQCMQPNNIMGIENICELAARMLFSAVEWARNIPFFPDLQITDQVALLRLTWSELFVLNAAQCSMPLHVAPLLAAAGLHASPMSADRVVAFMDHIRIFQEQVEKLKALHVDSAEYSCLKAIVLFTSDACGLSDVAHVESLQEKSQCALEEYVRSQYPNQPTRFGKLLLRLPSLRTVSSSVIEQLFFVRLVGKTPIETLIRDMLLSGSSFNWPYMSIQ>ENSDARP00000115762.1XTASQVAPPTPQTPVQGPPNNNNNTQSTPTNQTTQSQSEKQQPQHIECVVCGDKSSGKHYGQFTCEGCKSFFKRSVRRNLTYTCRANRNCPIDQHHRNQCQYCRLKKCLKVGMRREVSLFTAAVQRGRMPPTQPHHGQFA>ENSDARP00000059975.3MAMVVWRGSQDDVAETHGTLSSQTQGGLSLPTPQPGQLGLTASQVAPPTPQTPVQGPPNNNNNTQSTPTNQTTQSQSEKQQPQHIECVVCGDKSSGKHYGQFTCEGCKSFFKRSVRRNLTYTCRANRNCPIDQHHRNQCQYCRLKKCLKVGMRREVSLFTAAVQRGRMPPTQPHHGQFALTNGDPLHCHSYLSGYISLLLRAEPYPTSRYGSQCMQPNNIMGIENICELAARMLFSAVEWARNIPFFPDLQITDQVALLRLTWSELFVLNAAQCSMPLHVAPLLAAAGLHASPMSADRVVAFMDHIRIFQEQVEKLKALHVDSAEYSCLKAIVLFTSDACGLSDVAHVESLQEKSQCALEEYVRSQYPNQPTRFGKLLLRLPSLRTVSSSVIEQLFFVRLVGKTPIETLIRDMLLSGSSFNWPYMSIQ
M02425_2.00,ENSDARG00000032578,pax2b,MDIHCKADPFSAMHRHGGVNQLGGVFVNGRPLPDVVRQRIVELAHQGVRPCDISRQLRVSHGCVSKILGRYYETGSIKPGVIGGSKPKVATPKVVDKIADYKRQNPTMFAWEIRDRLLAEGICDNDTVPSVSSINRIIRTKVQQPFHPSPDGTSLSTPGHTIIPSTASPPVSSSSNDPVGSYSINGILGIPRSNGEKRKRDAGRDMANTTLPGYPPHVPPTGQGSYATSTLAGMVPGEYLQIKCT>ENSDARP00000124290.1MDIHCKADPFSAMHRHGGVNQLGGVFVNGRPLPDVVRQRIVELAHQGVRPCDISRQLRVSHGCVSKILGRYYETGSIKPGVIGGSKPKVATPKVVDKIADYKRQNPTMFAWEIRDRLLAEGICDNDTVPSVSSINRIIRTKVQQPFHPSPDGTSLSTPGHTIIPSTASPPVSSSSNDPVGSYSINGILGIPRSNGEKRKRDADGSEGSAQSSDSQGSVESLRKHLRADAFTQQQLEALDRVFERPVFPDVFPTSEHIKPEQASEYSLPALNTGLDEVKPSLSSSAASDLGASVSQSYPVGRDMANTTLPGYPPHVPPTGQGSYATSTLAGMVPGEYLQIKCT>ENSDARP00000043209.5MDIHCKADPFSAMHRHGGVNQLGGVFVNGRPLPDVVRQRIVELAHQGVRPCDISRQLRVSHGCVSKILGRYYETGSIKPGVIGGSKPKVATPKVVDKIADYKRQNPTMFAWEIRDRLLAEGICDNDTVPSVSSINRIIRTKVQQPFHPSPDGTSLSTPGHTIIPSTASPPVSSSSNDPVGSYSINGILGIPRSNGEKRKRDADGSEGSAQSSDSQGSVESLRKHLRADAFTQQQLEALDRVFERPVFPDVFPTSEHIKPEQASEYSLPALNTGLDEVKPSLSSSAASDLGASVSQSYPVGRDMANTTLPGYPPHVPPTGQGSYATSTLAGMVPGSEFSGNPYSHPQYTTYNEAWRFSNPAILSSPYYYSASRGSAPPTAATAYDRH
M02526_2.00,ENSDARG00000063194,lin54,MDVVSPELNSLLPDEIMDTEAMDEDPPASHLTPPPQSAPESAQVPMETEVPEIISICPTTASMQAISTNAKSTTSSTTQLLLTPSSSSSTTTKNATPTLPKIPSLSVPPNHQLIINKVAADGKSPGGAVIKQEGQKLLVAGLSKTGQPIMLALPHAWNKPATSQGSGDAKSQPTQIKMVTAMGKPVIAVSSASQLVASSTPLQAQHLKTLQ>ENSDARP00000086543.5MDVVSPELNSLLPDEIMDTEAMDEDPPASHLTPPPQSAPESAQVPMETEVPEIISICPTTASMQAISTNAKSTTSSTTQLLLTPSSSSSTTTKNATPTLPKIPSLSVPPNHQLIINKVAADGKSPGGAVIKQEGQKLLVAGLSKTGQPIMLALPHAWNKPATSQGSGDAKSQPTQIKMVTAMGKPVIAVSSASQLVASSTPLQAQHLKTLQITKKPPVSTAGPMITKLIITKALNNKVLSSPGSVSPVVTGRVVSQSTPLTPPRTIAIGETISTVPQNAATNSKVAISPLKSPSKLTVVSVTSQSSNSPQKSVTLPLNVALGQQILTVQQSAVTSPAKAGSSQSTTQTVKPVQTVTVPTSQFKTIIPLTTPPNVQQIQVPGSRFHYVRLVTATTGSSTVQTGGSTNTNPSIQPAKPVMMNAAVRMSVPIVPAQTVKQVVPKPLSSAAQVVTTSQTPQRLIMPATHLPQIQPNLTNLPPGTVLAPAHGSGNVGYAVLPAPYVTQIPQPAFVTLTSSSTFSTATPSQAQARLSLNGLSTSEANSRPRKPCNCTRSQCLKLYCDCFANGEFCNNCNCVNCFNNLDHESERLKAIKACLDRNPVAFKPKIGKGKEGESDRRHSKGCNCKKSGCLKNYCECYEAKIMCSSICKCMGCKNFEESPERKTLMHLADAAEVRVQQQTAAKTKLSSQISDLLTRTTPAITSGGGKLPYTFVTKEVAEATCDCLLEQAEQAELTNQPQAMAERLILEEFGRCLHRIISFAGKAKTDCPINC>ENSDARP00000146639.1MDVVSPELNSLLPDEIMDTEAMDEDPPASHLTPPPQSAPESAQVPMETEVPEIISICPTTASMQAISTNAKSTTSSTTQLLLTPSSSSSTTTKNATPTLPKIPSLSVPPNHQLIINKVAADGKSPGGAVIKQEGQKLLVAGLSKTGQPIMLALPHAWNKPATSQGSGDAKSQPTQIKMVTAMGKPVIAVSSASQLVASSTPLQAQHLKTLQITKKPPVSTAGPMITKLIITKALNNKVLSSPGSVSPVVTGRVVSQSTPLTPPRTIAIGETISTVPQNAATNSKVAISPLKSPSKLTVVSVTSQSSNSPQKSVTLPLNVALGQQILTVQQSAVTSPAKAGSSQSTTQTVKPVQTVTVPTSQFKTIIPLTTPPNVQQIQVPGSRFHYVRLVTATTGSSTVQTGGSTNTNPSIQPAKPVMMNAAVRMSVPIVPAQTVKQVVPKPLSSAAQVVTTSQTPQRLIMPATHLPQIQPNLTNLPPGTVLAPAHGSGNVGYAVLPAPYVTQIPQPAFVTLTSSSTFSTATPSQAQARLSLNGYCDCFANGEFCNNCNCVNCFNNLDHESERLKAIKACLDRNPVAFKPKIGKGKEGESDRRHSKGCNCKKSGCLKNYCECYEAKIMCSSICKCMGCKNFEESPERKTLMHLADAAEVRVQQQTAAKTKLSSQISDLLTRTTPAITSGGGKLPYTFVTKEVAEATCDCLLEQAEQAELTNQPQAMAERLILEEFGRCLHRIISFAGKAKTDCPINC
M02536_2.00,ENSDARG00000020964,prkrirb,MPNFCAAPNCTRKSTQSDLAFFRFPRDPERCRLWVENCRRADLEEKTPDQLNKHYRLCAKHFEPAMICKTSPYRTVLRDTAIPTIFDLTSHLGNPHSRHRKRIKVLTDEEVQKIKERRLESSIEQLSKKDSDAQDDSETTDDVPRLTPEQKDLREFLKSSFEVMILIGRQSFPFSSNAREDEMRSREEWLFNPGNFQALLENRINAGDEFLRRRFESAAVNEEYCPAVQQRQLLDVCEKCVREEILQQVRECRFFSIVTGELVDFPEGEHLPIFLRFVDQDNTLREEFIEFLSFEGEEVTVAERLESRLMKGWGLSMEHCRGQAYAGSGILGTKMKVITAQLKEKYPMAVITPTSTCALNVHLANGMSLTGVQVVMSVLKKSNAFFRASPLLQTELDNAISILCQGNLEKESILKEGSRSTWTDLHNLFEMAVDLLEPLLLCMDSIHDNEDLKWSDQVTSDAYAISEALADFEFIVTLVILKNALSFTRAFGKNLQGETIDVFFAANSLTAVLHSLHEVSDNLEVYHEFWFEEAVNMATAMEVPVRVPRLFLRKQQTPDTIEIQAESFFKEYLTQPVMEYITQEVKDIFSENHLKALKCLSLVPAVMGQMRFNTSEESHADIYRTDLPHPDTLPAELHCWRIKWKHRGKEVSLPSTIYETLQHSDVKFFPNVNAFLKILATLPVLKLDGSHGETAQRRLQAYLTDTAVSQRCKNLAVLNINYHIKTDLEEMVQCYLKRYPEESKTD
M02537_2.00,ENSDARG00000042489,prkrira,MPNFCAALNCSRNSTHSVLAFFRFPRDPERCKKWVENCSRSDLKDKTPDHLNKYHRLCARHFEPNLITKTSPFRTVLKDSAVPTIFDNPFKRSNNEADKDAPEAKKNKSDSQSEEPKDNSEAATKDVNENKNGDGVDSSPPVIDEETLNKEYLKSLFDVVVMMGTQNIPLHGHSDKEPRSKSFTPSNFQALLEYRINAGDEFLRKKFEGSPVNLEHCSSTQLQQILEVIEKCIREELLAEAKEGRCFSLVVDNLVEIEGENYVPLFVRFVDKANCLREEFVDFLLFEGDVEAITERLVTELTEKCGLDMKYCRGQAYLCSGVSAMKVKAMVAKIAELHPLAVLTPCSSCSLNICLANTMTFTGVHLVMSTLKKLDAFFSKSPLLQNQLESAISIYYQGNEEKANVLKEACGSKWTEQHDTFELAVDLLESLLLCMDSVHDNEDHKWSDEVAHNAFVISEALADFEYVMTLVVLKNTLSFTRAFGKNLQGETNEVFFASGSLTAVLHSLNEVYENIEVYHEFWFEEAVNLAASLEIPVKVPRLYFRKRPTSGEEIQPETYYKDQVTIPVVSHVIKELSDLFSENHLKALKSLSLVPAIMGQLKFNTTEETSVDIYKDDLLNPDTFPAELHCWKIKWKHGTKDVILPSTIYETLQLSDVKFFPNVCALLKVLYNLPLFALTNDKCSTAKQRLMAYLQDTPVNHRNKSMALFYINCAIKHDLDSMVETYLKMYQESEPTEKQDSSQEAVQS
